tag_id	sent_id	tag type	morphemes	type	subjectivity-type	subjectivity-polarity	polarity	intensity	nested-source	target	comment	confident	raw-sentence	sentence-morph
23472	3215	ObjTag										TRUE	[학생들 무례 꾸짖는 글]	[/SS#96982; 학생/NNG#96983; 들/XSN#96984; 무례/NNG#96985; 꾸짖/VV#96986; 는/ETM#96987; 글/NNG#96988; ]/SS#96989
23473	3216	ObjTag										TRUE	96.10.09	96/SN#96990; ./SF#96991; 10/SN#96992; ./SF#96993; 09/SN#96994
23474	3217	SubjTag					NEG	Medium				TRUE	"젊은 세대들, 특히 정상적인 학교교육을 받고 대학에 들어갔다는 학생들까지도 어른들이나 교수들에게 제대로 인사조차 하지 않는다."	"젊/VA#96995; 은/ETM#96996; 세대/NNG#96997; 들/XSN#96998; ,/SP#96999; 특히/MAG#97000; 정상/NNG#97001; 적/XSN#97002; 이/VCP#97003; ㄴ/ETM#97004; 학교/NNG#97005; 교육/NNG#97006; 을/JKO#97007; 받/VV#97008; 고/EC#97009; 대학/NNG#97010; 에/JKB#97011; 들어가/VV#97012; 았/EP#97013; 다는/ETM#97014; 학생/NNG#97015; 들/XSN#97016; 까지/JX#97017; 도/JX#97018; 어른/NNG#97019; 들/XSN#97020; 이나/JC#97021; 교수/NNG#97022; 들/XSN#97023; 에게/JKB#97024; 제대로/MAG#97025; 인사/NNG#97026; 조차/JX#97027; 하/VV#97028; 지/EC#97029; 않/VX#97030; 는다/EF#97031; ./SF#97032"
23572	3217	Seed	제대로/MAG#97025	indirect	Judgment	POS	POS	Medium	Out	인사/NNG#97026; 하/VV#97028		TRUE	"젊은 세대들, 특히 정상적인 학교교육을 받고 대학에 들어갔다는 학생들까지도 어른들이나 교수들에게 제대로 인사조차 하지 않는다."	"젊/VA#96995; 은/ETM#96996; 세대/NNG#96997; 들/XSN#96998; ,/SP#96999; 특히/MAG#97000; 정상/NNG#97001; 적/XSN#97002; 이/VCP#97003; ㄴ/ETM#97004; 학교/NNG#97005; 교육/NNG#97006; 을/JKO#97007; 받/VV#97008; 고/EC#97009; 대학/NNG#97010; 에/JKB#97011; 들어가/VV#97012; 았/EP#97013; 다는/ETM#97014; 학생/NNG#97015; 들/XSN#97016; 까지/JX#97017; 도/JX#97018; 어른/NNG#97019; 들/XSN#97020; 이나/JC#97021; 교수/NNG#97022; 들/XSN#97023; 에게/JKB#97024; 제대로/MAG#97025; 인사/NNG#97026; 조차/JX#97027; 하/VV#97028; 지/EC#97029; 않/VX#97030; 는다/EF#97031; ./SF#97032"
23573	3217	Seed	제대로/MAG#97025; 인사/NNG#97026; 하/VV#97028; 지/EC#97029; 않/VX#97030	dir-explicit	Judgment	NEG	NEG	Medium		"젊/VA#96995; 은/ETM#96996; 세대/NNG#96997; 들/XSN#96998; ,/SP#96999; 특히/MAG#97000; 정상/NNG#97001; 적/XSN#97002; 이/VCP#97003; ㄴ/ETM#97004; 학교/NNG#97005; 교육/NNG#97006; 을/JKO#97007; 받/VV#97008; 고/EC#97009; 대학/NNG#97010; 에/JKB#97011; 들어가/VV#97012; 았/EP#97013; 다는/ETM#97014; 학생/NNG#97015; 들/XSN#97016"		TRUE	"젊은 세대들, 특히 정상적인 학교교육을 받고 대학에 들어갔다는 학생들까지도 어른들이나 교수들에게 제대로 인사조차 하지 않는다."	"젊/VA#96995; 은/ETM#96996; 세대/NNG#96997; 들/XSN#96998; ,/SP#96999; 특히/MAG#97000; 정상/NNG#97001; 적/XSN#97002; 이/VCP#97003; ㄴ/ETM#97004; 학교/NNG#97005; 교육/NNG#97006; 을/JKO#97007; 받/VV#97008; 고/EC#97009; 대학/NNG#97010; 에/JKB#97011; 들어가/VV#97012; 았/EP#97013; 다는/ETM#97014; 학생/NNG#97015; 들/XSN#97016; 까지/JX#97017; 도/JX#97018; 어른/NNG#97019; 들/XSN#97020; 이나/JC#97021; 교수/NNG#97022; 들/XSN#97023; 에게/JKB#97024; 제대로/MAG#97025; 인사/NNG#97026; 조차/JX#97027; 하/VV#97028; 지/EC#97029; 않/VX#97030; 는다/EF#97031; ./SF#97032"
23574	3217	Seed	특히/MAG#97000	writing-device	Others	POS	None	None		정상/NNG#97001; 적/XSN#97002; 이/VCP#97003; ㄴ/ETM#97004; 학교/NNG#97005; 교육/NNG#97006; 을/JKO#97007; 받/VV#97008; 고/EC#97009; 대학/NNG#97010; 에/JKB#97011; 들어가/VV#97012; 았/EP#97013; 다는/ETM#97014; 학생/NNG#97015; 들/XSN#97016		TRUE	"젊은 세대들, 특히 정상적인 학교교육을 받고 대학에 들어갔다는 학생들까지도 어른들이나 교수들에게 제대로 인사조차 하지 않는다."	"젊/VA#96995; 은/ETM#96996; 세대/NNG#96997; 들/XSN#96998; ,/SP#96999; 특히/MAG#97000; 정상/NNG#97001; 적/XSN#97002; 이/VCP#97003; ㄴ/ETM#97004; 학교/NNG#97005; 교육/NNG#97006; 을/JKO#97007; 받/VV#97008; 고/EC#97009; 대학/NNG#97010; 에/JKB#97011; 들어가/VV#97012; 았/EP#97013; 다는/ETM#97014; 학생/NNG#97015; 들/XSN#97016; 까지/JX#97017; 도/JX#97018; 어른/NNG#97019; 들/XSN#97020; 이나/JC#97021; 교수/NNG#97022; 들/XSN#97023; 에게/JKB#97024; 제대로/MAG#97025; 인사/NNG#97026; 조차/JX#97027; 하/VV#97028; 지/EC#97029; 않/VX#97030; 는다/EF#97031; ./SF#97032"
23575	3217	Seed	까지/JX#97017	writing-device	Others	POS	None	None		정상/NNG#97001; 적/XSN#97002; 이/VCP#97003; ㄴ/ETM#97004; 학교/NNG#97005; 교육/NNG#97006; 을/JKO#97007; 받/VV#97008; 고/EC#97009; 대학/NNG#97010; 에/JKB#97011; 들어가/VV#97012; 았/EP#97013; 다는/ETM#97014; 학생/NNG#97015; 들/XSN#97016		TRUE	"젊은 세대들, 특히 정상적인 학교교육을 받고 대학에 들어갔다는 학생들까지도 어른들이나 교수들에게 제대로 인사조차 하지 않는다."	"젊/VA#96995; 은/ETM#96996; 세대/NNG#96997; 들/XSN#96998; ,/SP#96999; 특히/MAG#97000; 정상/NNG#97001; 적/XSN#97002; 이/VCP#97003; ㄴ/ETM#97004; 학교/NNG#97005; 교육/NNG#97006; 을/JKO#97007; 받/VV#97008; 고/EC#97009; 대학/NNG#97010; 에/JKB#97011; 들어가/VV#97012; 았/EP#97013; 다는/ETM#97014; 학생/NNG#97015; 들/XSN#97016; 까지/JX#97017; 도/JX#97018; 어른/NNG#97019; 들/XSN#97020; 이나/JC#97021; 교수/NNG#97022; 들/XSN#97023; 에게/JKB#97024; 제대로/MAG#97025; 인사/NNG#97026; 조차/JX#97027; 하/VV#97028; 지/EC#97029; 않/VX#97030; 는다/EF#97031; ./SF#97032"
23576	3217	Seed	조차/JX#97027	writing-device	Others	POS	None	None		인사/NNG#97026		TRUE	"젊은 세대들, 특히 정상적인 학교교육을 받고 대학에 들어갔다는 학생들까지도 어른들이나 교수들에게 제대로 인사조차 하지 않는다."	"젊/VA#96995; 은/ETM#96996; 세대/NNG#96997; 들/XSN#96998; ,/SP#96999; 특히/MAG#97000; 정상/NNG#97001; 적/XSN#97002; 이/VCP#97003; ㄴ/ETM#97004; 학교/NNG#97005; 교육/NNG#97006; 을/JKO#97007; 받/VV#97008; 고/EC#97009; 대학/NNG#97010; 에/JKB#97011; 들어가/VV#97012; 았/EP#97013; 다는/ETM#97014; 학생/NNG#97015; 들/XSN#97016; 까지/JX#97017; 도/JX#97018; 어른/NNG#97019; 들/XSN#97020; 이나/JC#97021; 교수/NNG#97022; 들/XSN#97023; 에게/JKB#97024; 제대로/MAG#97025; 인사/NNG#97026; 조차/JX#97027; 하/VV#97028; 지/EC#97029; 않/VX#97030; 는다/EF#97031; ./SF#97032"
23475	3218	SubjTag					NEG	Medium				TRUE	강의실 복도에서 만나는 노교수에게마저도 기껏해야 고개나 까딱하는 정도다.	강의실/NNG#97033; 복도/NNG#97034; 에서/JKB#97035; 만나/VV#97036; 는/ETM#97037; 노/XPN#97038; 교수/NNG#97039; 에게/JKB#97040; 마저/JX#97041; 도/JX#97042; 기껏해야/MAG#97043; 고개/NNG#97044; 나/JX#97045; 까딱/MAG#97046; 하/XSV#97047; 는/ETM#97048; 정도/NNG#97049; 이/VCP#97050; 다/EF#97051; ./SF#97052
23577	3218	Seed	마저/JX#97041	writing-device	Others	POS	None	None		노/XPN#97038; 교수/NNG#97039; 에게/JKB#97040		TRUE	강의실 복도에서 만나는 노교수에게마저도 기껏해야 고개나 까딱하는 정도다.	강의실/NNG#97033; 복도/NNG#97034; 에서/JKB#97035; 만나/VV#97036; 는/ETM#97037; 노/XPN#97038; 교수/NNG#97039; 에게/JKB#97040; 마저/JX#97041; 도/JX#97042; 기껏해야/MAG#97043; 고개/NNG#97044; 나/JX#97045; 까딱/MAG#97046; 하/XSV#97047; 는/ETM#97048; 정도/NNG#97049; 이/VCP#97050; 다/EF#97051; ./SF#97052
23578	3218	Seed	기껏해야/MAG#97043	writing-device	Others	POS	None	None		고개/NNG#97044; 나/JX#97045; 까딱/MAG#97046; 하/XSV#97047		TRUE	강의실 복도에서 만나는 노교수에게마저도 기껏해야 고개나 까딱하는 정도다.	강의실/NNG#97033; 복도/NNG#97034; 에서/JKB#97035; 만나/VV#97036; 는/ETM#97037; 노/XPN#97038; 교수/NNG#97039; 에게/JKB#97040; 마저/JX#97041; 도/JX#97042; 기껏해야/MAG#97043; 고개/NNG#97044; 나/JX#97045; 까딱/MAG#97046; 하/XSV#97047; 는/ETM#97048; 정도/NNG#97049; 이/VCP#97050; 다/EF#97051; ./SF#97052
23579	3218	Seed	고개/NNG#97044; 까딱/MAG#97046; 하/XSV#97047	dir-explicit	Judgment	NEG	NEG	Medium				TRUE	강의실 복도에서 만나는 노교수에게마저도 기껏해야 고개나 까딱하는 정도다.	강의실/NNG#97033; 복도/NNG#97034; 에서/JKB#97035; 만나/VV#97036; 는/ETM#97037; 노/XPN#97038; 교수/NNG#97039; 에게/JKB#97040; 마저/JX#97041; 도/JX#97042; 기껏해야/MAG#97043; 고개/NNG#97044; 나/JX#97045; 까딱/MAG#97046; 하/XSV#97047; 는/ETM#97048; 정도/NNG#97049; 이/VCP#97050; 다/EF#97051; ./SF#97052
23580	3218	Seed	나/JX#97045	writing-device	Others	POS	None	None		고개/NNG#97044		TRUE	강의실 복도에서 만나는 노교수에게마저도 기껏해야 고개나 까딱하는 정도다.	강의실/NNG#97033; 복도/NNG#97034; 에서/JKB#97035; 만나/VV#97036; 는/ETM#97037; 노/XPN#97038; 교수/NNG#97039; 에게/JKB#97040; 마저/JX#97041; 도/JX#97042; 기껏해야/MAG#97043; 고개/NNG#97044; 나/JX#97045; 까딱/MAG#97046; 하/XSV#97047; 는/ETM#97048; 정도/NNG#97049; 이/VCP#97050; 다/EF#97051; ./SF#97052
23581	3218	Seed	는/ETM#97048; 정도/NNG#97049; 이/VCP#97050	writing-device	Others	POS	None	None		기껏해야/MAG#97043; 고개/NNG#97044; 나/JX#97045; 까딱/MAG#97046; 하/XSV#97047		TRUE	강의실 복도에서 만나는 노교수에게마저도 기껏해야 고개나 까딱하는 정도다.	강의실/NNG#97033; 복도/NNG#97034; 에서/JKB#97035; 만나/VV#97036; 는/ETM#97037; 노/XPN#97038; 교수/NNG#97039; 에게/JKB#97040; 마저/JX#97041; 도/JX#97042; 기껏해야/MAG#97043; 고개/NNG#97044; 나/JX#97045; 까딱/MAG#97046; 하/XSV#97047; 는/ETM#97048; 정도/NNG#97049; 이/VCP#97050; 다/EF#97051; ./SF#97052
23476	3219	SubjTag					NEG	Medium				TRUE	존경의 염이라고는 눈 씻고도 볼 수 없어 인사 받는 쪽이 오히려 불쾌할 정도다.	존경/NNG#97053; 의/JKG#97054; 염/NNG#97055; 이/VCP#97056; 라고/EC#97057; 는/JX#97058; 눈/NNG#97059; 씻/VV#97060; 고/EC#97061; 도/EC#97062; 보/VV#97063; ㄹ/ETM#97064; 수/NNB#97065; 없/VA#97066; 어/EC#97067; 인사/NNG#97068; 받/VV#97069; 는/ETM#97070; 쪽/NNB#97071; 이/JKS#97072; 오히려/MAG#97073; 불쾌/XR#97074; 하/XSA#97075; ㄹ/ETM#97076; 정도/NNG#97077; 이/VCP#97078; 다/EF#97079; ./SF#97080
23582	3219	Seed	존경/NNG#97053	indirect	Judgment	POS	POS	Medium	Out			TRUE	존경의 염이라고는 눈 씻고도 볼 수 없어 인사 받는 쪽이 오히려 불쾌할 정도다.	존경/NNG#97053; 의/JKG#97054; 염/NNG#97055; 이/VCP#97056; 라고/EC#97057; 는/JX#97058; 눈/NNG#97059; 씻/VV#97060; 고/EC#97061; 도/EC#97062; 보/VV#97063; ㄹ/ETM#97064; 수/NNB#97065; 없/VA#97066; 어/EC#97067; 인사/NNG#97068; 받/VV#97069; 는/ETM#97070; 쪽/NNB#97071; 이/JKS#97072; 오히려/MAG#97073; 불쾌/XR#97074; 하/XSA#97075; ㄹ/ETM#97076; 정도/NNG#97077; 이/VCP#97078; 다/EF#97079; ./SF#97080
23583	3219	Seed	라고/EC#97057; 는/JX#97058	writing-device	Others	POS	None	None		존경/NNG#97053; 의/JKG#97054; 염/NNG#97055; 이/VCP#97056		TRUE	존경의 염이라고는 눈 씻고도 볼 수 없어 인사 받는 쪽이 오히려 불쾌할 정도다.	존경/NNG#97053; 의/JKG#97054; 염/NNG#97055; 이/VCP#97056; 라고/EC#97057; 는/JX#97058; 눈/NNG#97059; 씻/VV#97060; 고/EC#97061; 도/EC#97062; 보/VV#97063; ㄹ/ETM#97064; 수/NNB#97065; 없/VA#97066; 어/EC#97067; 인사/NNG#97068; 받/VV#97069; 는/ETM#97070; 쪽/NNB#97071; 이/JKS#97072; 오히려/MAG#97073; 불쾌/XR#97074; 하/XSA#97075; ㄹ/ETM#97076; 정도/NNG#97077; 이/VCP#97078; 다/EF#97079; ./SF#97080
23584	3219	Seed	눈/NNG#97059; 씻/VV#97060; 고/EC#97061; 도/EC#97062; 보/VV#97063; ㄹ/ETM#97064; 수/NNB#97065; 없/VA#97066	dir-explicit	Judgment	NEG	NEG	High		존경/NNG#97053; 의/JKG#97054; 염/NNG#97055		TRUE	존경의 염이라고는 눈 씻고도 볼 수 없어 인사 받는 쪽이 오히려 불쾌할 정도다.	존경/NNG#97053; 의/JKG#97054; 염/NNG#97055; 이/VCP#97056; 라고/EC#97057; 는/JX#97058; 눈/NNG#97059; 씻/VV#97060; 고/EC#97061; 도/EC#97062; 보/VV#97063; ㄹ/ETM#97064; 수/NNB#97065; 없/VA#97066; 어/EC#97067; 인사/NNG#97068; 받/VV#97069; 는/ETM#97070; 쪽/NNB#97071; 이/JKS#97072; 오히려/MAG#97073; 불쾌/XR#97074; 하/XSA#97075; ㄹ/ETM#97076; 정도/NNG#97077; 이/VCP#97078; 다/EF#97079; ./SF#97080
23585	3219	Seed	오히려/MAG#97073	writing-device	Others	POS	None	None				TRUE	존경의 염이라고는 눈 씻고도 볼 수 없어 인사 받는 쪽이 오히려 불쾌할 정도다.	존경/NNG#97053; 의/JKG#97054; 염/NNG#97055; 이/VCP#97056; 라고/EC#97057; 는/JX#97058; 눈/NNG#97059; 씻/VV#97060; 고/EC#97061; 도/EC#97062; 보/VV#97063; ㄹ/ETM#97064; 수/NNB#97065; 없/VA#97066; 어/EC#97067; 인사/NNG#97068; 받/VV#97069; 는/ETM#97070; 쪽/NNB#97071; 이/JKS#97072; 오히려/MAG#97073; 불쾌/XR#97074; 하/XSA#97075; ㄹ/ETM#97076; 정도/NNG#97077; 이/VCP#97078; 다/EF#97079; ./SF#97080
23586	3219	Seed	불쾌/XR#97074; 하/XSA#97075	dir-explicit	Emotion	NEG	NEG	Medium	인사/NNG#97068; 받/VV#97069; 는/ETM#97070; 쪽/NNB#97071			TRUE	존경의 염이라고는 눈 씻고도 볼 수 없어 인사 받는 쪽이 오히려 불쾌할 정도다.	존경/NNG#97053; 의/JKG#97054; 염/NNG#97055; 이/VCP#97056; 라고/EC#97057; 는/JX#97058; 눈/NNG#97059; 씻/VV#97060; 고/EC#97061; 도/EC#97062; 보/VV#97063; ㄹ/ETM#97064; 수/NNB#97065; 없/VA#97066; 어/EC#97067; 인사/NNG#97068; 받/VV#97069; 는/ETM#97070; 쪽/NNB#97071; 이/JKS#97072; 오히려/MAG#97073; 불쾌/XR#97074; 하/XSA#97075; ㄹ/ETM#97076; 정도/NNG#97077; 이/VCP#97078; 다/EF#97079; ./SF#97080
23587	3219	Seed	ㄹ/ETM#97076; 정도/NNG#97077; 이/VCP#97078	writing-device	Others	POS	None	None		인사/NNG#97068; 받/VV#97069; 는/ETM#97070; 쪽/NNB#97071; 이/JKS#97072; 불쾌/XR#97074; 하/XSA#97075		TRUE	존경의 염이라고는 눈 씻고도 볼 수 없어 인사 받는 쪽이 오히려 불쾌할 정도다.	존경/NNG#97053; 의/JKG#97054; 염/NNG#97055; 이/VCP#97056; 라고/EC#97057; 는/JX#97058; 눈/NNG#97059; 씻/VV#97060; 고/EC#97061; 도/EC#97062; 보/VV#97063; ㄹ/ETM#97064; 수/NNB#97065; 없/VA#97066; 어/EC#97067; 인사/NNG#97068; 받/VV#97069; 는/ETM#97070; 쪽/NNB#97071; 이/JKS#97072; 오히려/MAG#97073; 불쾌/XR#97074; 하/XSA#97075; ㄹ/ETM#97076; 정도/NNG#97077; 이/VCP#97078; 다/EF#97079; ./SF#97080
23477	3220	SubjTag					NEG	Medium				TRUE	인사뿐만이 아니다.	인사/NNG#97081; 뿐/NNB#97082; 만/JX#97083; 이/JKC#97084; 아니/VCN#97085; 다/EF#97086; ./SF#97087
23588	3220	Seed	뿐/NNB#97082; 만/JX#97083; 이/JKC#97084; 아니/VCN#97085	writing-device	Others	POS	None	None		인사/NNG#97081		TRUE	인사뿐만이 아니다.	인사/NNG#97081; 뿐/NNB#97082; 만/JX#97083; 이/JKC#97084; 아니/VCN#97085; 다/EF#97086; ./SF#97087
23478	3221	SubjTag					NEG	Medium				TRUE	실수나 잘못을 저지르고도 진지한 사과를 할 줄도 모른다.	실수/NNG#97088; 나/JC#97089; 잘못/NNG#97090; 을/JKO#97091; 저지르/VV#97092; 고/EC#97093; 도/JX#97094; 진지/XR#97095; 하/XSA#97096; ㄴ/ETM#97097; 사과/NNG#97098; 를/JKO#97099; 하/VV#97100; ㄹ/ETM#97101; 줄/NNB#97102; 도/JX#97103; 모르/VV#97104; ㄴ다/EF#97105; ./SF#97106
23589	3221	Seed	실수/NNG#97088	indirect	Judgment	NEG	NEG	Medium				TRUE	실수나 잘못을 저지르고도 진지한 사과를 할 줄도 모른다.	실수/NNG#97088; 나/JC#97089; 잘못/NNG#97090; 을/JKO#97091; 저지르/VV#97092; 고/EC#97093; 도/JX#97094; 진지/XR#97095; 하/XSA#97096; ㄴ/ETM#97097; 사과/NNG#97098; 를/JKO#97099; 하/VV#97100; ㄹ/ETM#97101; 줄/NNB#97102; 도/JX#97103; 모르/VV#97104; ㄴ다/EF#97105; ./SF#97106
23590	3221	Seed	잘못/NNG#97090	indirect	Judgment	NEG	NEG	Medium				TRUE	실수나 잘못을 저지르고도 진지한 사과를 할 줄도 모른다.	실수/NNG#97088; 나/JC#97089; 잘못/NNG#97090; 을/JKO#97091; 저지르/VV#97092; 고/EC#97093; 도/JX#97094; 진지/XR#97095; 하/XSA#97096; ㄴ/ETM#97097; 사과/NNG#97098; 를/JKO#97099; 하/VV#97100; ㄹ/ETM#97101; 줄/NNB#97102; 도/JX#97103; 모르/VV#97104; ㄴ다/EF#97105; ./SF#97106
23591	3221	Seed	실수/NNG#97088; 나/JC#97089; 잘못/NNG#97090; 을/JKO#97091; 저지르/VV#97092	dir-explicit	Judgment	NEG	NEG	Medium				TRUE	실수나 잘못을 저지르고도 진지한 사과를 할 줄도 모른다.	실수/NNG#97088; 나/JC#97089; 잘못/NNG#97090; 을/JKO#97091; 저지르/VV#97092; 고/EC#97093; 도/JX#97094; 진지/XR#97095; 하/XSA#97096; ㄴ/ETM#97097; 사과/NNG#97098; 를/JKO#97099; 하/VV#97100; ㄹ/ETM#97101; 줄/NNB#97102; 도/JX#97103; 모르/VV#97104; ㄴ다/EF#97105; ./SF#97106
23592	3221	Seed	도/JX#97094	writing-device	Others	POS	None	None				TRUE	실수나 잘못을 저지르고도 진지한 사과를 할 줄도 모른다.	실수/NNG#97088; 나/JC#97089; 잘못/NNG#97090; 을/JKO#97091; 저지르/VV#97092; 고/EC#97093; 도/JX#97094; 진지/XR#97095; 하/XSA#97096; ㄴ/ETM#97097; 사과/NNG#97098; 를/JKO#97099; 하/VV#97100; ㄹ/ETM#97101; 줄/NNB#97102; 도/JX#97103; 모르/VV#97104; ㄴ다/EF#97105; ./SF#97106
23593	3221	Seed	진지/XR#97095; 하/XSA#97096	indirect	Judgment	POS	POS	Medium		사과/NNG#97098		TRUE	실수나 잘못을 저지르고도 진지한 사과를 할 줄도 모른다.	실수/NNG#97088; 나/JC#97089; 잘못/NNG#97090; 을/JKO#97091; 저지르/VV#97092; 고/EC#97093; 도/JX#97094; 진지/XR#97095; 하/XSA#97096; ㄴ/ETM#97097; 사과/NNG#97098; 를/JKO#97099; 하/VV#97100; ㄹ/ETM#97101; 줄/NNB#97102; 도/JX#97103; 모르/VV#97104; ㄴ다/EF#97105; ./SF#97106
23594	3221	Seed	사과/NNG#97098; 를/JKO#97099; 하/VV#97100	indirect	Emotion	NEG	NEG	Medium	Imp			TRUE	실수나 잘못을 저지르고도 진지한 사과를 할 줄도 모른다.	실수/NNG#97088; 나/JC#97089; 잘못/NNG#97090; 을/JKO#97091; 저지르/VV#97092; 고/EC#97093; 도/JX#97094; 진지/XR#97095; 하/XSA#97096; ㄴ/ETM#97097; 사과/NNG#97098; 를/JKO#97099; 하/VV#97100; ㄹ/ETM#97101; 줄/NNB#97102; 도/JX#97103; 모르/VV#97104; ㄴ다/EF#97105; ./SF#97106
23595	3221	Seed	진지/XR#97095; 하/XSA#97096; ㄴ/ETM#97097; 사과/NNG#97098; 를/JKO#97099; 하/VV#97100	indirect	Judgment	POS	POS	Medium				TRUE	실수나 잘못을 저지르고도 진지한 사과를 할 줄도 모른다.	실수/NNG#97088; 나/JC#97089; 잘못/NNG#97090; 을/JKO#97091; 저지르/VV#97092; 고/EC#97093; 도/JX#97094; 진지/XR#97095; 하/XSA#97096; ㄴ/ETM#97097; 사과/NNG#97098; 를/JKO#97099; 하/VV#97100; ㄹ/ETM#97101; 줄/NNB#97102; 도/JX#97103; 모르/VV#97104; ㄴ다/EF#97105; ./SF#97106
23596	3221	Seed	ㄹ/ETM#97101; 줄/NNB#97102; 모르/VV#97104	dir-explicit	Judgment	NEG	NEG	Medium		진지/XR#97095; 하/XSA#97096; ㄴ/ETM#97097; 사과/NNG#97098; 를/JKO#97099; 하/VV#97100		TRUE	실수나 잘못을 저지르고도 진지한 사과를 할 줄도 모른다.	실수/NNG#97088; 나/JC#97089; 잘못/NNG#97090; 을/JKO#97091; 저지르/VV#97092; 고/EC#97093; 도/JX#97094; 진지/XR#97095; 하/XSA#97096; ㄴ/ETM#97097; 사과/NNG#97098; 를/JKO#97099; 하/VV#97100; ㄹ/ETM#97101; 줄/NNB#97102; 도/JX#97103; 모르/VV#97104; ㄴ다/EF#97105; ./SF#97106
23597	3221	Seed	도/JX#97103	writing-device	Others	POS	None	None				TRUE	실수나 잘못을 저지르고도 진지한 사과를 할 줄도 모른다.	실수/NNG#97088; 나/JC#97089; 잘못/NNG#97090; 을/JKO#97091; 저지르/VV#97092; 고/EC#97093; 도/JX#97094; 진지/XR#97095; 하/XSA#97096; ㄴ/ETM#97097; 사과/NNG#97098; 를/JKO#97099; 하/VV#97100; ㄹ/ETM#97101; 줄/NNB#97102; 도/JX#97103; 모르/VV#97104; ㄴ다/EF#97105; ./SF#97106
23479	3222	SubjTag					NEG	Medium				TRUE	상대편 또는 어른에게 잘못을 떠넘기기도 한다.	상대편/NNG#97107; 또는/MAG#97108; 어른/NNG#97109; 에게/JKB#97110; 잘못/NNG#97111; 을/JKO#97112; 떠넘기/VV#97113; 기/ETN#97114; 도/JX#97115; 하/VX#97116; ㄴ다/EF#97117; ./SF#97118
23598	3222	Seed	잘못/NNG#97111	indirect	Judgment	NEG	NEG	Medium				TRUE	상대편 또는 어른에게 잘못을 떠넘기기도 한다.	상대편/NNG#97107; 또는/MAG#97108; 어른/NNG#97109; 에게/JKB#97110; 잘못/NNG#97111; 을/JKO#97112; 떠넘기/VV#97113; 기/ETN#97114; 도/JX#97115; 하/VX#97116; ㄴ다/EF#97117; ./SF#97118
23599	3222	Seed	잘못/NNG#97111; 을/JKO#97112; 떠넘기/VV#97113	indirect	Argument	POS	NEG	Medium	Imp	상대편/NNG#97107; 또는/MAG#97108; 어른/NNG#97109		TRUE	상대편 또는 어른에게 잘못을 떠넘기기도 한다.	상대편/NNG#97107; 또는/MAG#97108; 어른/NNG#97109; 에게/JKB#97110; 잘못/NNG#97111; 을/JKO#97112; 떠넘기/VV#97113; 기/ETN#97114; 도/JX#97115; 하/VX#97116; ㄴ다/EF#97117; ./SF#97118
23600	3222	Seed	기/ETN#97114; 도/JX#97115; 하/VX#97116	writing-device	Others	POS	None	None		상대편/NNG#97107; 또는/MAG#97108; 어른/NNG#97109; 에게/JKB#97110; 잘못/NNG#97111; 을/JKO#97112; 떠넘기/VV#97113		TRUE	상대편 또는 어른에게 잘못을 떠넘기기도 한다.	상대편/NNG#97107; 또는/MAG#97108; 어른/NNG#97109; 에게/JKB#97110; 잘못/NNG#97111; 을/JKO#97112; 떠넘기/VV#97113; 기/ETN#97114; 도/JX#97115; 하/VX#97116; ㄴ다/EF#97117; ./SF#97118
23601	3222	Seed	상대편/NNG#97107; 또는/MAG#97108; 어른/NNG#97109; 에게/JKB#97110; 잘못/NNG#97111; 을/JKO#97112; 떠넘기/VV#97113	dir-explicit	Judgment	NEG	NEG	None				TRUE	상대편 또는 어른에게 잘못을 떠넘기기도 한다.	상대편/NNG#97107; 또는/MAG#97108; 어른/NNG#97109; 에게/JKB#97110; 잘못/NNG#97111; 을/JKO#97112; 떠넘기/VV#97113; 기/ETN#97114; 도/JX#97115; 하/VX#97116; ㄴ다/EF#97117; ./SF#97118
23480	3223	SubjTag					NEG	Medium				TRUE	때로는 대들어 잘못을 하지 않은 상대편 어른이 도리어 봉변을 당하기 십상이다.	때로/MAG#97119; 는/JX#97120; 대들/VV#97121; 어/EC#97122; 잘못/NNG#97123; 을/JKO#97124; 하/VV#97125; 지/EC#97126; 않/VX#97127; 은/ETM#97128; 상대편/NNG#97129; 어른/NNG#97130; 이/JKS#97131; 도리어/MAG#97132; 봉변/NNG#97133; 을/JKO#97134; 당하/VV#97135; 기/ETN#97136; 십상/NNG#97137; 이/VCP#97138; 다/EF#97139; ./SF#97140
23602	3223	Seed	대들/VV#97121	indirect	Agreement	NEG	NEG	Medium	Imp			TRUE	때로는 대들어 잘못을 하지 않은 상대편 어른이 도리어 봉변을 당하기 십상이다.	때로/MAG#97119; 는/JX#97120; 대들/VV#97121; 어/EC#97122; 잘못/NNG#97123; 을/JKO#97124; 하/VV#97125; 지/EC#97126; 않/VX#97127; 은/ETM#97128; 상대편/NNG#97129; 어른/NNG#97130; 이/JKS#97131; 도리어/MAG#97132; 봉변/NNG#97133; 을/JKO#97134; 당하/VV#97135; 기/ETN#97136; 십상/NNG#97137; 이/VCP#97138; 다/EF#97139; ./SF#97140
23603	3223	Seed	잘못/NNG#97123; 을/JKO#97124; 하/VV#97125; 지/EC#97126; 않/VX#97127	indirect	Judgment	POS	POS	Medium		상대편/NNG#97129; 어른/NNG#97130		TRUE	때로는 대들어 잘못을 하지 않은 상대편 어른이 도리어 봉변을 당하기 십상이다.	때로/MAG#97119; 는/JX#97120; 대들/VV#97121; 어/EC#97122; 잘못/NNG#97123; 을/JKO#97124; 하/VV#97125; 지/EC#97126; 않/VX#97127; 은/ETM#97128; 상대편/NNG#97129; 어른/NNG#97130; 이/JKS#97131; 도리어/MAG#97132; 봉변/NNG#97133; 을/JKO#97134; 당하/VV#97135; 기/ETN#97136; 십상/NNG#97137; 이/VCP#97138; 다/EF#97139; ./SF#97140
23604	3223	Seed	도리어/MAG#97132	writing-device	Others	POS	None	None				TRUE	때로는 대들어 잘못을 하지 않은 상대편 어른이 도리어 봉변을 당하기 십상이다.	때로/MAG#97119; 는/JX#97120; 대들/VV#97121; 어/EC#97122; 잘못/NNG#97123; 을/JKO#97124; 하/VV#97125; 지/EC#97126; 않/VX#97127; 은/ETM#97128; 상대편/NNG#97129; 어른/NNG#97130; 이/JKS#97131; 도리어/MAG#97132; 봉변/NNG#97133; 을/JKO#97134; 당하/VV#97135; 기/ETN#97136; 십상/NNG#97137; 이/VCP#97138; 다/EF#97139; ./SF#97140
23605	3223	Seed	봉변/NNG#97133; 을/JKO#97134; 당하/VV#97135	dir-explicit	Judgment	NEG	NEG	Medium		상대편/NNG#97129; 어른/NNG#97130		TRUE	때로는 대들어 잘못을 하지 않은 상대편 어른이 도리어 봉변을 당하기 십상이다.	때로/MAG#97119; 는/JX#97120; 대들/VV#97121; 어/EC#97122; 잘못/NNG#97123; 을/JKO#97124; 하/VV#97125; 지/EC#97126; 않/VX#97127; 은/ETM#97128; 상대편/NNG#97129; 어른/NNG#97130; 이/JKS#97131; 도리어/MAG#97132; 봉변/NNG#97133; 을/JKO#97134; 당하/VV#97135; 기/ETN#97136; 십상/NNG#97137; 이/VCP#97138; 다/EF#97139; ./SF#97140
23606	3223	Seed	기/ETN#97136; 십상/NNG#97137; 이/VCP#97138	dir-explicit	Judgment	NEG	NEG	Medium		때로/MAG#97119; 는/JX#97120; 대들/VV#97121; 어/EC#97122; 잘못/NNG#97123; 을/JKO#97124; 하/VV#97125; 지/EC#97126; 않/VX#97127; 은/ETM#97128; 상대편/NNG#97129; 어른/NNG#97130; 이/JKS#97131; 도리어/MAG#97132; 봉변/NNG#97133; 을/JKO#97134; 당하/VV#97135		TRUE	때로는 대들어 잘못을 하지 않은 상대편 어른이 도리어 봉변을 당하기 십상이다.	때로/MAG#97119; 는/JX#97120; 대들/VV#97121; 어/EC#97122; 잘못/NNG#97123; 을/JKO#97124; 하/VV#97125; 지/EC#97126; 않/VX#97127; 은/ETM#97128; 상대편/NNG#97129; 어른/NNG#97130; 이/JKS#97131; 도리어/MAG#97132; 봉변/NNG#97133; 을/JKO#97134; 당하/VV#97135; 기/ETN#97136; 십상/NNG#97137; 이/VCP#97138; 다/EF#97139; ./SF#97140
23481	3224	SubjTag					NEG	Medium				TRUE	예절이나 공중도덕심을 아예 모르는 듯한 이런 부류 젊은이들의 행동은 대학캠퍼스에서는 말할 것도 없고 지하철·버스·엘리베이터 등 다중이 이용하거나 모이는 공공장소면 어디서나 볼 수 있다.	예절/NNG#97141; 이나/JC#97142; 공중/NNG#97143; 도덕심/NNG#97144; 을/JKO#97145; 아예/MAG#97146; 모르/VV#97147; 는/ETM#97148; 듯/NNB#97149; 하/XSA#97150; ㄴ/ETM#97151; 이런/MM#97152; 부류/NNG#97153; 젊은이/NNG#97154; 들/XSN#97155; 의/JKG#97156; 행동/NNG#97157; 은/JX#97158; 대학/NNG#97159; 캠퍼스/NNG#97160; 에서/JKB#97161; 는/JX#97162; 말/NNG#97163; 하/XSV#97164; ㄹ/ETM#97165; 것/NNB#97166; 도/JX#97167; 없/VA#97168; 고/EC#97169; 지하철/NNG#97170; ·/SP#97171; 버스/NNG#97172; ·/SP#97173; 엘리베이터/NNG#97174; 등/NNB#97175; 다중/NNG#97176; 이/JKS#97177; 이용/NNG#97178; 하/XSV#97179; 거나/EC#97180; 모이/VV#97181; 는/ETM#97182; 공공/NNG#97183; 장소/NNG#97184; 이/VCP#97185; 면/EC#97186; 어디/NP#97187; 서/JKB#97188; 나/JX#97189; 보/VV#97190; ㄹ/ETM#97191; 수/NNB#97192; 있/VV#97193; 다/EF#97194; ./SF#97195
23607	3224	Seed	예절/NNG#97141; 이나/JC#97142; 공중/NNG#97143; 도덕심/NNG#97144; 을/JKO#97145; 아예/MAG#97146; 모르/VV#97147	indirect	Judgment	NEG	NEG	Medium		이런/MM#97152; 부류/NNG#97153; 젊은이/NNG#97154; 들/XSN#97155		TRUE	예절이나 공중도덕심을 아예 모르는 듯한 이런 부류 젊은이들의 행동은 대학캠퍼스에서는 말할 것도 없고 지하철·버스·엘리베이터 등 다중이 이용하거나 모이는 공공장소면 어디서나 볼 수 있다.	예절/NNG#97141; 이나/JC#97142; 공중/NNG#97143; 도덕심/NNG#97144; 을/JKO#97145; 아예/MAG#97146; 모르/VV#97147; 는/ETM#97148; 듯/NNB#97149; 하/XSA#97150; ㄴ/ETM#97151; 이런/MM#97152; 부류/NNG#97153; 젊은이/NNG#97154; 들/XSN#97155; 의/JKG#97156; 행동/NNG#97157; 은/JX#97158; 대학/NNG#97159; 캠퍼스/NNG#97160; 에서/JKB#97161; 는/JX#97162; 말/NNG#97163; 하/XSV#97164; ㄹ/ETM#97165; 것/NNB#97166; 도/JX#97167; 없/VA#97168; 고/EC#97169; 지하철/NNG#97170; ·/SP#97171; 버스/NNG#97172; ·/SP#97173; 엘리베이터/NNG#97174; 등/NNB#97175; 다중/NNG#97176; 이/JKS#97177; 이용/NNG#97178; 하/XSV#97179; 거나/EC#97180; 모이/VV#97181; 는/ETM#97182; 공공/NNG#97183; 장소/NNG#97184; 이/VCP#97185; 면/EC#97186; 어디/NP#97187; 서/JKB#97188; 나/JX#97189; 보/VV#97190; ㄹ/ETM#97191; 수/NNB#97192; 있/VV#97193; 다/EF#97194; ./SF#97195
23608	3224	Seed	는/ETM#97148; 듯/NNB#97149; 하/XSA#97150	writing-device	Speculation	POS	None	None		예절/NNG#97141; 이나/JC#97142; 공중/NNG#97143; 도덕심/NNG#97144; 을/JKO#97145; 아예/MAG#97146; 모르/VV#97147		TRUE	예절이나 공중도덕심을 아예 모르는 듯한 이런 부류 젊은이들의 행동은 대학캠퍼스에서는 말할 것도 없고 지하철·버스·엘리베이터 등 다중이 이용하거나 모이는 공공장소면 어디서나 볼 수 있다.	예절/NNG#97141; 이나/JC#97142; 공중/NNG#97143; 도덕심/NNG#97144; 을/JKO#97145; 아예/MAG#97146; 모르/VV#97147; 는/ETM#97148; 듯/NNB#97149; 하/XSA#97150; ㄴ/ETM#97151; 이런/MM#97152; 부류/NNG#97153; 젊은이/NNG#97154; 들/XSN#97155; 의/JKG#97156; 행동/NNG#97157; 은/JX#97158; 대학/NNG#97159; 캠퍼스/NNG#97160; 에서/JKB#97161; 는/JX#97162; 말/NNG#97163; 하/XSV#97164; ㄹ/ETM#97165; 것/NNB#97166; 도/JX#97167; 없/VA#97168; 고/EC#97169; 지하철/NNG#97170; ·/SP#97171; 버스/NNG#97172; ·/SP#97173; 엘리베이터/NNG#97174; 등/NNB#97175; 다중/NNG#97176; 이/JKS#97177; 이용/NNG#97178; 하/XSV#97179; 거나/EC#97180; 모이/VV#97181; 는/ETM#97182; 공공/NNG#97183; 장소/NNG#97184; 이/VCP#97185; 면/EC#97186; 어디/NP#97187; 서/JKB#97188; 나/JX#97189; 보/VV#97190; ㄹ/ETM#97191; 수/NNB#97192; 있/VV#97193; 다/EF#97194; ./SF#97195
23609	3224	Seed	말/NNG#97163; 하/XSV#97164; ㄹ/ETM#97165; 것/NNB#97166; 도/JX#97167; 없/VA#97168	writing-device	Others	POS	None	None		대학/NNG#97159; 캠퍼스/NNG#97160; 에서/JKB#97161		TRUE	예절이나 공중도덕심을 아예 모르는 듯한 이런 부류 젊은이들의 행동은 대학캠퍼스에서는 말할 것도 없고 지하철·버스·엘리베이터 등 다중이 이용하거나 모이는 공공장소면 어디서나 볼 수 있다.	예절/NNG#97141; 이나/JC#97142; 공중/NNG#97143; 도덕심/NNG#97144; 을/JKO#97145; 아예/MAG#97146; 모르/VV#97147; 는/ETM#97148; 듯/NNB#97149; 하/XSA#97150; ㄴ/ETM#97151; 이런/MM#97152; 부류/NNG#97153; 젊은이/NNG#97154; 들/XSN#97155; 의/JKG#97156; 행동/NNG#97157; 은/JX#97158; 대학/NNG#97159; 캠퍼스/NNG#97160; 에서/JKB#97161; 는/JX#97162; 말/NNG#97163; 하/XSV#97164; ㄹ/ETM#97165; 것/NNB#97166; 도/JX#97167; 없/VA#97168; 고/EC#97169; 지하철/NNG#97170; ·/SP#97171; 버스/NNG#97172; ·/SP#97173; 엘리베이터/NNG#97174; 등/NNB#97175; 다중/NNG#97176; 이/JKS#97177; 이용/NNG#97178; 하/XSV#97179; 거나/EC#97180; 모이/VV#97181; 는/ETM#97182; 공공/NNG#97183; 장소/NNG#97184; 이/VCP#97185; 면/EC#97186; 어디/NP#97187; 서/JKB#97188; 나/JX#97189; 보/VV#97190; ㄹ/ETM#97191; 수/NNB#97192; 있/VV#97193; 다/EF#97194; ./SF#97195
23610	3224	Seed	ㄹ/ETM#97191; 수/NNB#97192; 있/VV#97193	writing-device	Others	POS	None	None		보/VV#97190		TRUE	예절이나 공중도덕심을 아예 모르는 듯한 이런 부류 젊은이들의 행동은 대학캠퍼스에서는 말할 것도 없고 지하철·버스·엘리베이터 등 다중이 이용하거나 모이는 공공장소면 어디서나 볼 수 있다.	예절/NNG#97141; 이나/JC#97142; 공중/NNG#97143; 도덕심/NNG#97144; 을/JKO#97145; 아예/MAG#97146; 모르/VV#97147; 는/ETM#97148; 듯/NNB#97149; 하/XSA#97150; ㄴ/ETM#97151; 이런/MM#97152; 부류/NNG#97153; 젊은이/NNG#97154; 들/XSN#97155; 의/JKG#97156; 행동/NNG#97157; 은/JX#97158; 대학/NNG#97159; 캠퍼스/NNG#97160; 에서/JKB#97161; 는/JX#97162; 말/NNG#97163; 하/XSV#97164; ㄹ/ETM#97165; 것/NNB#97166; 도/JX#97167; 없/VA#97168; 고/EC#97169; 지하철/NNG#97170; ·/SP#97171; 버스/NNG#97172; ·/SP#97173; 엘리베이터/NNG#97174; 등/NNB#97175; 다중/NNG#97176; 이/JKS#97177; 이용/NNG#97178; 하/XSV#97179; 거나/EC#97180; 모이/VV#97181; 는/ETM#97182; 공공/NNG#97183; 장소/NNG#97184; 이/VCP#97185; 면/EC#97186; 어디/NP#97187; 서/JKB#97188; 나/JX#97189; 보/VV#97190; ㄹ/ETM#97191; 수/NNB#97192; 있/VV#97193; 다/EF#97194; ./SF#97195
23482	3225	SubjTag					NEG	Medium				TRUE	사회생활을 하는 어른들이면 젊은 세대들의 이 무례하고 몰염치한 행동을 보거나 직접 당한 경우가 있을 것이다.	사회/NNG#97196; 생활/NNG#97197; 을/JKO#97198; 하/VV#97199; 는/ETM#97200; 어른/NNG#97201; 들/XSN#97202; 이/VCP#97203; 면/EC#97204; 젊/VA#97205; 은/ETM#97206; 세대/NNG#97207; 들/XSN#97208; 의/JKG#97209; 이/MM#97210; 무례/NNG#97211; 하/XSA#97212; 고/EC#97213; 몰염치/NNG#97214; 하/XSA#97215; ㄴ/ETM#97216; 행동/NNG#97217; 을/JKO#97218; 보/VV#97219; 거나/EC#97220; 직접/MAG#97221; 당하/VV#97222; ㄴ/ETM#97223; 경우/NNG#97224; 가/JKS#97225; 있/VV#97226; 을/ETM#97227; 것/NNB#97228; 이/VCP#97229; 다/EF#97230; ./SF#97231
23611	3225	Seed	무례/NNG#97211; 하/XSA#97212	indirect	Judgment	NEG	NEG	None		행동/NNG#97217		TRUE	사회생활을 하는 어른들이면 젊은 세대들의 이 무례하고 몰염치한 행동을 보거나 직접 당한 경우가 있을 것이다.	사회/NNG#97196; 생활/NNG#97197; 을/JKO#97198; 하/VV#97199; 는/ETM#97200; 어른/NNG#97201; 들/XSN#97202; 이/VCP#97203; 면/EC#97204; 젊/VA#97205; 은/ETM#97206; 세대/NNG#97207; 들/XSN#97208; 의/JKG#97209; 이/MM#97210; 무례/NNG#97211; 하/XSA#97212; 고/EC#97213; 몰염치/NNG#97214; 하/XSA#97215; ㄴ/ETM#97216; 행동/NNG#97217; 을/JKO#97218; 보/VV#97219; 거나/EC#97220; 직접/MAG#97221; 당하/VV#97222; ㄴ/ETM#97223; 경우/NNG#97224; 가/JKS#97225; 있/VV#97226; 을/ETM#97227; 것/NNB#97228; 이/VCP#97229; 다/EF#97230; ./SF#97231
23612	3225	Seed	몰염치/NNG#97214; 하/XSA#97215	indirect	Judgment	NEG	NEG	Medium		행동/NNG#97217		TRUE	사회생활을 하는 어른들이면 젊은 세대들의 이 무례하고 몰염치한 행동을 보거나 직접 당한 경우가 있을 것이다.	사회/NNG#97196; 생활/NNG#97197; 을/JKO#97198; 하/VV#97199; 는/ETM#97200; 어른/NNG#97201; 들/XSN#97202; 이/VCP#97203; 면/EC#97204; 젊/VA#97205; 은/ETM#97206; 세대/NNG#97207; 들/XSN#97208; 의/JKG#97209; 이/MM#97210; 무례/NNG#97211; 하/XSA#97212; 고/EC#97213; 몰염치/NNG#97214; 하/XSA#97215; ㄴ/ETM#97216; 행동/NNG#97217; 을/JKO#97218; 보/VV#97219; 거나/EC#97220; 직접/MAG#97221; 당하/VV#97222; ㄴ/ETM#97223; 경우/NNG#97224; 가/JKS#97225; 있/VV#97226; 을/ETM#97227; 것/NNB#97228; 이/VCP#97229; 다/EF#97230; ./SF#97231
23613	3225	Seed	무례/NNG#97211; 하/XSA#97212; 고/EC#97213; 몰염치/NNG#97214; 하/XSA#97215; ㄴ/ETM#97216; 행동/NNG#97217	indirect	Judgment	NEG	NEG	Medium		젊/VA#97205; 은/ETM#97206; 세대/NNG#97207; 들/XSN#97208		TRUE	사회생활을 하는 어른들이면 젊은 세대들의 이 무례하고 몰염치한 행동을 보거나 직접 당한 경우가 있을 것이다.	사회/NNG#97196; 생활/NNG#97197; 을/JKO#97198; 하/VV#97199; 는/ETM#97200; 어른/NNG#97201; 들/XSN#97202; 이/VCP#97203; 면/EC#97204; 젊/VA#97205; 은/ETM#97206; 세대/NNG#97207; 들/XSN#97208; 의/JKG#97209; 이/MM#97210; 무례/NNG#97211; 하/XSA#97212; 고/EC#97213; 몰염치/NNG#97214; 하/XSA#97215; ㄴ/ETM#97216; 행동/NNG#97217; 을/JKO#97218; 보/VV#97219; 거나/EC#97220; 직접/MAG#97221; 당하/VV#97222; ㄴ/ETM#97223; 경우/NNG#97224; 가/JKS#97225; 있/VV#97226; 을/ETM#97227; 것/NNB#97228; 이/VCP#97229; 다/EF#97230; ./SF#97231
23614	3225	Seed	당하/VV#97222	indirect	Judgment	NEG	NEG	Medium		젊/VA#97205; 은/ETM#97206; 세대/NNG#97207; 들/XSN#97208; 의/JKG#97209; 이/MM#97210; 무례/NNG#97211; 하/XSA#97212; 고/EC#97213; 몰염치/NNG#97214; 하/XSA#97215; ㄴ/ETM#97216; 행동/NNG#97217		TRUE	사회생활을 하는 어른들이면 젊은 세대들의 이 무례하고 몰염치한 행동을 보거나 직접 당한 경우가 있을 것이다.	사회/NNG#97196; 생활/NNG#97197; 을/JKO#97198; 하/VV#97199; 는/ETM#97200; 어른/NNG#97201; 들/XSN#97202; 이/VCP#97203; 면/EC#97204; 젊/VA#97205; 은/ETM#97206; 세대/NNG#97207; 들/XSN#97208; 의/JKG#97209; 이/MM#97210; 무례/NNG#97211; 하/XSA#97212; 고/EC#97213; 몰염치/NNG#97214; 하/XSA#97215; ㄴ/ETM#97216; 행동/NNG#97217; 을/JKO#97218; 보/VV#97219; 거나/EC#97220; 직접/MAG#97221; 당하/VV#97222; ㄴ/ETM#97223; 경우/NNG#97224; 가/JKS#97225; 있/VV#97226; 을/ETM#97227; 것/NNB#97228; 이/VCP#97229; 다/EF#97230; ./SF#97231
23615	3225	Seed	을/ETM#97227; 것/NNB#97228; 이/VCP#97229	writing-device	Speculation	POS	None	None		사회/NNG#97196; 생활/NNG#97197; 을/JKO#97198; 하/VV#97199; 는/ETM#97200; 어른/NNG#97201; 들/XSN#97202; 이/VCP#97203; 면/EC#97204; 젊/VA#97205; 은/ETM#97206; 세대/NNG#97207; 들/XSN#97208; 의/JKG#97209; 이/MM#97210; 무례/NNG#97211; 하/XSA#97212; 고/EC#97213; 몰염치/NNG#97214; 하/XSA#97215; ㄴ/ETM#97216; 행동/NNG#97217; 을/JKO#97218; 보/VV#97219; 거나/EC#97220; 직접/MAG#97221; 당하/VV#97222; ㄴ/ETM#97223; 경우/NNG#97224; 가/JKS#97225; 있/VV#97226		TRUE	사회생활을 하는 어른들이면 젊은 세대들의 이 무례하고 몰염치한 행동을 보거나 직접 당한 경우가 있을 것이다.	사회/NNG#97196; 생활/NNG#97197; 을/JKO#97198; 하/VV#97199; 는/ETM#97200; 어른/NNG#97201; 들/XSN#97202; 이/VCP#97203; 면/EC#97204; 젊/VA#97205; 은/ETM#97206; 세대/NNG#97207; 들/XSN#97208; 의/JKG#97209; 이/MM#97210; 무례/NNG#97211; 하/XSA#97212; 고/EC#97213; 몰염치/NNG#97214; 하/XSA#97215; ㄴ/ETM#97216; 행동/NNG#97217; 을/JKO#97218; 보/VV#97219; 거나/EC#97220; 직접/MAG#97221; 당하/VV#97222; ㄴ/ETM#97223; 경우/NNG#97224; 가/JKS#97225; 있/VV#97226; 을/ETM#97227; 것/NNB#97228; 이/VCP#97229; 다/EF#97230; ./SF#97231
23483	3226	SubjTag					NEG	Medium				TRUE	한두 사람도 아니고 동시대의 다수 젊은이들이 하나같이 무례한 행동을 보이는 데 의아했을 것이다.	한두/MM#97232; 사람/NNG#97233; 도/JX#97234; 아니/VCN#97235; 고/EC#97236; 동시대/NNG#97237; 의/JKG#97238; 다수/NNG#97239; 젊은이/NNG#97240; 들/XSN#97241; 이/JKS#97242; 하나같이/MAG#97243; 무례/NNG#97244; 하/XSA#97245; ㄴ/ETM#97246; 행동/NNG#97247; 을/JKO#97248; 보이/VV#97249; 는/ETM#97250; 데/NNB#97251; 의아/NNG#97252; 하/XSA#97253; 았/EP#97254; 을/ETM#97255; 것/NNB#97256; 이/VCP#97257; 다/EF#97258; ./SF#97259
23616	3226	Seed	무례/NNG#97244; 하/XSA#97245	indirect	Judgment	NEG	NEG	Medium		행동/NNG#97247		TRUE	한두 사람도 아니고 동시대의 다수 젊은이들이 하나같이 무례한 행동을 보이는 데 의아했을 것이다.	한두/MM#97232; 사람/NNG#97233; 도/JX#97234; 아니/VCN#97235; 고/EC#97236; 동시대/NNG#97237; 의/JKG#97238; 다수/NNG#97239; 젊은이/NNG#97240; 들/XSN#97241; 이/JKS#97242; 하나같이/MAG#97243; 무례/NNG#97244; 하/XSA#97245; ㄴ/ETM#97246; 행동/NNG#97247; 을/JKO#97248; 보이/VV#97249; 는/ETM#97250; 데/NNB#97251; 의아/NNG#97252; 하/XSA#97253; 았/EP#97254; 을/ETM#97255; 것/NNB#97256; 이/VCP#97257; 다/EF#97258; ./SF#97259
23617	3226	Seed	무례/NNG#97244; 하/XSA#97245; ㄴ/ETM#97246; 행동/NNG#97247; 을/JKO#97248; 보이/VV#97249	indirect	Judgment	NEG	NEG	Medium		동시대/NNG#97237; 의/JKG#97238; 다수/NNG#97239; 젊은이/NNG#97240; 들/XSN#97241		TRUE	한두 사람도 아니고 동시대의 다수 젊은이들이 하나같이 무례한 행동을 보이는 데 의아했을 것이다.	한두/MM#97232; 사람/NNG#97233; 도/JX#97234; 아니/VCN#97235; 고/EC#97236; 동시대/NNG#97237; 의/JKG#97238; 다수/NNG#97239; 젊은이/NNG#97240; 들/XSN#97241; 이/JKS#97242; 하나같이/MAG#97243; 무례/NNG#97244; 하/XSA#97245; ㄴ/ETM#97246; 행동/NNG#97247; 을/JKO#97248; 보이/VV#97249; 는/ETM#97250; 데/NNB#97251; 의아/NNG#97252; 하/XSA#97253; 았/EP#97254; 을/ETM#97255; 것/NNB#97256; 이/VCP#97257; 다/EF#97258; ./SF#97259
23618	3226	Seed	의아/NNG#97252; 하/XSA#97253	dir-explicit	Emotion	NEG	NEG	Medium	Imp	한두/MM#97232; 사람/NNG#97233; 도/JX#97234; 아니/VCN#97235; 고/EC#97236; 동시대/NNG#97237; 의/JKG#97238; 다수/NNG#97239; 젊은이/NNG#97240; 들/XSN#97241; 이/JKS#97242; 하나같이/MAG#97243; 무례/NNG#97244; 하/XSA#97245; ㄴ/ETM#97246; 행동/NNG#97247; 을/JKO#97248; 보이/VV#97249; 는/ETM#97250; 데/NNB#97251		TRUE	한두 사람도 아니고 동시대의 다수 젊은이들이 하나같이 무례한 행동을 보이는 데 의아했을 것이다.	한두/MM#97232; 사람/NNG#97233; 도/JX#97234; 아니/VCN#97235; 고/EC#97236; 동시대/NNG#97237; 의/JKG#97238; 다수/NNG#97239; 젊은이/NNG#97240; 들/XSN#97241; 이/JKS#97242; 하나같이/MAG#97243; 무례/NNG#97244; 하/XSA#97245; ㄴ/ETM#97246; 행동/NNG#97247; 을/JKO#97248; 보이/VV#97249; 는/ETM#97250; 데/NNB#97251; 의아/NNG#97252; 하/XSA#97253; 았/EP#97254; 을/ETM#97255; 것/NNB#97256; 이/VCP#97257; 다/EF#97258; ./SF#97259
23619	3226	Seed	을/ETM#97255; 것/NNB#97256; 이/VCP#97257	writing-device	Speculation	POS	None	None		한두/MM#97232; 사람/NNG#97233; 도/JX#97234; 아니/VCN#97235; 고/EC#97236; 동시대/NNG#97237; 의/JKG#97238; 다수/NNG#97239; 젊은이/NNG#97240; 들/XSN#97241; 이/JKS#97242; 하나같이/MAG#97243; 무례/NNG#97244; 하/XSA#97245; ㄴ/ETM#97246; 행동/NNG#97247; 을/JKO#97248; 보이/VV#97249; 는/ETM#97250; 데/NNB#97251; 의아/NNG#97252; 하/XSA#97253; 았/EP#97254		TRUE	한두 사람도 아니고 동시대의 다수 젊은이들이 하나같이 무례한 행동을 보이는 데 의아했을 것이다.	한두/MM#97232; 사람/NNG#97233; 도/JX#97234; 아니/VCN#97235; 고/EC#97236; 동시대/NNG#97237; 의/JKG#97238; 다수/NNG#97239; 젊은이/NNG#97240; 들/XSN#97241; 이/JKS#97242; 하나같이/MAG#97243; 무례/NNG#97244; 하/XSA#97245; ㄴ/ETM#97246; 행동/NNG#97247; 을/JKO#97248; 보이/VV#97249; 는/ETM#97250; 데/NNB#97251; 의아/NNG#97252; 하/XSA#97253; 았/EP#97254; 을/ETM#97255; 것/NNB#97256; 이/VCP#97257; 다/EF#97258; ./SF#97259
23484	3227	SubjTag					POS	Low				TRUE	이런 의미에서 우리는 서울대 임종철 교수가 대학신문에 기고했다는 [학생들의 무례를 꾸짖는 글]에 전적으로 공감한다.	이런/MM#97260; 의미/NNG#97261; 에서/JKB#97262; 우리/NP#97263; 는/JX#97264; 서울대/NNP#97265; 임종철/NNP#97266; 교수/NNG#97267; 가/JKS#97268; 대학/NNG#97269; 신문/NNG#97270; 에/JKB#97271; 기고/NNG#97272; 하/XSV#97273; 았/EP#97274; 다는/ETM#97275; [/SS#97276; 학생/NNG#97277; 들/XSN#97278; 의/JKG#97279; 무례/NNG#97280; 를/JKO#97281; 꾸짖/VV#97282; 는/ETM#97283; 글/NNG#97284; ]/SS#97285; 에/JKB#97286; 전적/NNG#97287; 으로/JKB#97288; 공감/NNG#97289; 하/XSV#97290; ㄴ다/EF#97291; ./SF#97292
23620	3227	Seed	기고/NNG#97272; 하/XSV#97273	indirect	Argument	POS	NEG	Medium	서울대/NNP#97265; 임종철/NNP#97266; 교수/NNG#97267	[/SS#97276; 학생/NNG#97277; 들/XSN#97278; 의/JKG#97279; 무례/NNG#97280; 를/JKO#97281; 꾸짖/VV#97282; 는/ETM#97283; 글/NNG#97284; ]/SS#97285		TRUE	이런 의미에서 우리는 서울대 임종철 교수가 대학신문에 기고했다는 [학생들의 무례를 꾸짖는 글]에 전적으로 공감한다.	이런/MM#97260; 의미/NNG#97261; 에서/JKB#97262; 우리/NP#97263; 는/JX#97264; 서울대/NNP#97265; 임종철/NNP#97266; 교수/NNG#97267; 가/JKS#97268; 대학/NNG#97269; 신문/NNG#97270; 에/JKB#97271; 기고/NNG#97272; 하/XSV#97273; 았/EP#97274; 다는/ETM#97275; [/SS#97276; 학생/NNG#97277; 들/XSN#97278; 의/JKG#97279; 무례/NNG#97280; 를/JKO#97281; 꾸짖/VV#97282; 는/ETM#97283; 글/NNG#97284; ]/SS#97285; 에/JKB#97286; 전적/NNG#97287; 으로/JKB#97288; 공감/NNG#97289; 하/XSV#97290; ㄴ다/EF#97291; ./SF#97292
23621	3227	Seed	전적/NNG#97287; 으로/JKB#97288; 공감/NNG#97289; 하/XSV#97290	dir-explicit	Agreement	POS	POS	High	우리/NP#97263	서울대/NNP#97265; 임종철/NNP#97266; 교수/NNG#97267; 가/JKS#97268; 대학/NNG#97269; 신문/NNG#97270; 에/JKB#97271; 기고/NNG#97272; 하/XSV#97273; 았/EP#97274; 다는/ETM#97275; [/SS#97276; 학생/NNG#97277; 들/XSN#97278; 의/JKG#97279; 무례/NNG#97280; 를/JKO#97281; 꾸짖/VV#97282; 는/ETM#97283; 글/NNG#97284; ]/SS#97285		TRUE	이런 의미에서 우리는 서울대 임종철 교수가 대학신문에 기고했다는 [학생들의 무례를 꾸짖는 글]에 전적으로 공감한다.	이런/MM#97260; 의미/NNG#97261; 에서/JKB#97262; 우리/NP#97263; 는/JX#97264; 서울대/NNP#97265; 임종철/NNP#97266; 교수/NNG#97267; 가/JKS#97268; 대학/NNG#97269; 신문/NNG#97270; 에/JKB#97271; 기고/NNG#97272; 하/XSV#97273; 았/EP#97274; 다는/ETM#97275; [/SS#97276; 학생/NNG#97277; 들/XSN#97278; 의/JKG#97279; 무례/NNG#97280; 를/JKO#97281; 꾸짖/VV#97282; 는/ETM#97283; 글/NNG#97284; ]/SS#97285; 에/JKB#97286; 전적/NNG#97287; 으로/JKB#97288; 공감/NNG#97289; 하/XSV#97290; ㄴ다/EF#97291; ./SF#97292
25190	3227	Seed	꾸짖/VV#97282	indirect	Judgment	NEG	NEG	High	임종철/NNP#97266; 교수/NNG#97267	학생/NNG#97277; 들/XSN#97278; 의/JKG#97279; 무례/NNG#97280		TRUE	이런 의미에서 우리는 서울대 임종철 교수가 대학신문에 기고했다는 [학생들의 무례를 꾸짖는 글]에 전적으로 공감한다.	이런/MM#97260; 의미/NNG#97261; 에서/JKB#97262; 우리/NP#97263; 는/JX#97264; 서울대/NNP#97265; 임종철/NNP#97266; 교수/NNG#97267; 가/JKS#97268; 대학/NNG#97269; 신문/NNG#97270; 에/JKB#97271; 기고/NNG#97272; 하/XSV#97273; 았/EP#97274; 다는/ETM#97275; [/SS#97276; 학생/NNG#97277; 들/XSN#97278; 의/JKG#97279; 무례/NNG#97280; 를/JKO#97281; 꾸짖/VV#97282; 는/ETM#97283; 글/NNG#97284; ]/SS#97285; 에/JKB#97286; 전적/NNG#97287; 으로/JKB#97288; 공감/NNG#97289; 하/XSV#97290; ㄴ다/EF#97291; ./SF#97292
25191	3227	Seed	무례/NNG#97280	indirect	Judgment	NEG	NEG	Medium	임종철/NNP#97266; 교수/NNG#97267			TRUE	이런 의미에서 우리는 서울대 임종철 교수가 대학신문에 기고했다는 [학생들의 무례를 꾸짖는 글]에 전적으로 공감한다.	이런/MM#97260; 의미/NNG#97261; 에서/JKB#97262; 우리/NP#97263; 는/JX#97264; 서울대/NNP#97265; 임종철/NNP#97266; 교수/NNG#97267; 가/JKS#97268; 대학/NNG#97269; 신문/NNG#97270; 에/JKB#97271; 기고/NNG#97272; 하/XSV#97273; 았/EP#97274; 다는/ETM#97275; [/SS#97276; 학생/NNG#97277; 들/XSN#97278; 의/JKG#97279; 무례/NNG#97280; 를/JKO#97281; 꾸짖/VV#97282; 는/ETM#97283; 글/NNG#97284; ]/SS#97285; 에/JKB#97286; 전적/NNG#97287; 으로/JKB#97288; 공감/NNG#97289; 하/XSV#97290; ㄴ다/EF#97291; ./SF#97292
23485	3228	SubjTag					POS	Medium				TRUE	[젊은 세대의 무너진 예절과 공중도덕심 부재]를 질타한 노교수의 용기에 박수를 보내게 되는 것이다.	[/SS#97293; 젊/VA#97294; 은/ETM#97295; 세대/NNG#97296; 의/JKG#97297; 무너지/VV#97298; ㄴ/ETM#97299; 예절/NNG#97300; 과/JC#97301; 공중/NNG#97302; 도덕심/NNG#97303; 부재/NNG#97304; ]/SS#97305; 를/JKO#97306; 질타/NNG#97307; 하/XSV#97308; ㄴ/ETM#97309; 노/XPN#97310; 교수/NNG#97311; 의/JKG#97312; 용기/NNG#97313; 에/JKB#97314; 박수/NNG#97315; 를/JKO#97316; 보내/VV#97317; 게/EC#97318; 되/VV#97319; 는/ETM#97320; 것/NNB#97321; 이/VCP#97322; 다/EF#97323; ./SF#97324
23622	3228	Seed	무너지/VV#97298	indirect	Judgment	NEG	NEG	Medium	노/XPN#97310; 교수/NNG#97311	젊/VA#97294; 은/ETM#97295; 세대/NNG#97296; 의/JKG#97297; 예절/NNG#97300		TRUE	[젊은 세대의 무너진 예절과 공중도덕심 부재]를 질타한 노교수의 용기에 박수를 보내게 되는 것이다.	[/SS#97293; 젊/VA#97294; 은/ETM#97295; 세대/NNG#97296; 의/JKG#97297; 무너지/VV#97298; ㄴ/ETM#97299; 예절/NNG#97300; 과/JC#97301; 공중/NNG#97302; 도덕심/NNG#97303; 부재/NNG#97304; ]/SS#97305; 를/JKO#97306; 질타/NNG#97307; 하/XSV#97308; ㄴ/ETM#97309; 노/XPN#97310; 교수/NNG#97311; 의/JKG#97312; 용기/NNG#97313; 에/JKB#97314; 박수/NNG#97315; 를/JKO#97316; 보내/VV#97317; 게/EC#97318; 되/VV#97319; 는/ETM#97320; 것/NNB#97321; 이/VCP#97322; 다/EF#97323; ./SF#97324
23623	3228	Seed	부재/NNG#97304	indirect	Judgment	NEG	NEG	Medium	노/XPN#97310; 교수/NNG#97311	젊/VA#97294; 은/ETM#97295; 세대/NNG#97296; 의/JKG#97297; 공중/NNG#97302; 도덕심/NNG#97303		TRUE	[젊은 세대의 무너진 예절과 공중도덕심 부재]를 질타한 노교수의 용기에 박수를 보내게 되는 것이다.	[/SS#97293; 젊/VA#97294; 은/ETM#97295; 세대/NNG#97296; 의/JKG#97297; 무너지/VV#97298; ㄴ/ETM#97299; 예절/NNG#97300; 과/JC#97301; 공중/NNG#97302; 도덕심/NNG#97303; 부재/NNG#97304; ]/SS#97305; 를/JKO#97306; 질타/NNG#97307; 하/XSV#97308; ㄴ/ETM#97309; 노/XPN#97310; 교수/NNG#97311; 의/JKG#97312; 용기/NNG#97313; 에/JKB#97314; 박수/NNG#97315; 를/JKO#97316; 보내/VV#97317; 게/EC#97318; 되/VV#97319; 는/ETM#97320; 것/NNB#97321; 이/VCP#97322; 다/EF#97323; ./SF#97324
23624	3228	Seed	질타/NNG#97307; 하/XSV#97308	indirect	Judgment	NEG	NEG	Medium	노/XPN#97310; 교수/NNG#97311	[/SS#97293; 젊/VA#97294; 은/ETM#97295; 세대/NNG#97296; 의/JKG#97297; 무너지/VV#97298; ㄴ/ETM#97299; 예절/NNG#97300; 과/JC#97301; 공중/NNG#97302; 도덕심/NNG#97303; 부재/NNG#97304; ]/SS#97305		TRUE	[젊은 세대의 무너진 예절과 공중도덕심 부재]를 질타한 노교수의 용기에 박수를 보내게 되는 것이다.	[/SS#97293; 젊/VA#97294; 은/ETM#97295; 세대/NNG#97296; 의/JKG#97297; 무너지/VV#97298; ㄴ/ETM#97299; 예절/NNG#97300; 과/JC#97301; 공중/NNG#97302; 도덕심/NNG#97303; 부재/NNG#97304; ]/SS#97305; 를/JKO#97306; 질타/NNG#97307; 하/XSV#97308; ㄴ/ETM#97309; 노/XPN#97310; 교수/NNG#97311; 의/JKG#97312; 용기/NNG#97313; 에/JKB#97314; 박수/NNG#97315; 를/JKO#97316; 보내/VV#97317; 게/EC#97318; 되/VV#97319; 는/ETM#97320; 것/NNB#97321; 이/VCP#97322; 다/EF#97323; ./SF#97324
23625	3228	Seed	용기/NNG#97313	indirect	Emotion	POS	POS	Medium	노/XPN#97310; 교수/NNG#97311	[/SS#97293; 젊/VA#97294; 은/ETM#97295; 세대/NNG#97296; 의/JKG#97297; 무너지/VV#97298; ㄴ/ETM#97299; 예절/NNG#97300; 과/JC#97301; 공중/NNG#97302; 도덕심/NNG#97303; 부재/NNG#97304; ]/SS#97305; 를/JKO#97306; 질타/NNG#97307; 하/XSV#97308		TRUE	[젊은 세대의 무너진 예절과 공중도덕심 부재]를 질타한 노교수의 용기에 박수를 보내게 되는 것이다.	[/SS#97293; 젊/VA#97294; 은/ETM#97295; 세대/NNG#97296; 의/JKG#97297; 무너지/VV#97298; ㄴ/ETM#97299; 예절/NNG#97300; 과/JC#97301; 공중/NNG#97302; 도덕심/NNG#97303; 부재/NNG#97304; ]/SS#97305; 를/JKO#97306; 질타/NNG#97307; 하/XSV#97308; ㄴ/ETM#97309; 노/XPN#97310; 교수/NNG#97311; 의/JKG#97312; 용기/NNG#97313; 에/JKB#97314; 박수/NNG#97315; 를/JKO#97316; 보내/VV#97317; 게/EC#97318; 되/VV#97319; 는/ETM#97320; 것/NNB#97321; 이/VCP#97322; 다/EF#97323; ./SF#97324
23626	3228	Seed	박수/NNG#97315; 를/JKO#97316; 보내/VV#97317	dir-action	Judgment	POS	POS	Medium		[/SS#97293; 젊/VA#97294; 은/ETM#97295; 세대/NNG#97296; 의/JKG#97297; 무너지/VV#97298; ㄴ/ETM#97299; 예절/NNG#97300; 과/JC#97301; 공중/NNG#97302; 도덕심/NNG#97303; 부재/NNG#97304; ]/SS#97305; 를/JKO#97306; 질타/NNG#97307; 하/XSV#97308; ㄴ/ETM#97309; 노/XPN#97310; 교수/NNG#97311; 의/JKG#97312; 용기/NNG#97313		TRUE	[젊은 세대의 무너진 예절과 공중도덕심 부재]를 질타한 노교수의 용기에 박수를 보내게 되는 것이다.	[/SS#97293; 젊/VA#97294; 은/ETM#97295; 세대/NNG#97296; 의/JKG#97297; 무너지/VV#97298; ㄴ/ETM#97299; 예절/NNG#97300; 과/JC#97301; 공중/NNG#97302; 도덕심/NNG#97303; 부재/NNG#97304; ]/SS#97305; 를/JKO#97306; 질타/NNG#97307; 하/XSV#97308; ㄴ/ETM#97309; 노/XPN#97310; 교수/NNG#97311; 의/JKG#97312; 용기/NNG#97313; 에/JKB#97314; 박수/NNG#97315; 를/JKO#97316; 보내/VV#97317; 게/EC#97318; 되/VV#97319; 는/ETM#97320; 것/NNB#97321; 이/VCP#97322; 다/EF#97323; ./SF#97324
23627	3228	Seed	는/ETM#97320; 것/NNB#97321; 이/VCP#97322	writing-device	Others	POS	None	None		[/SS#97293; 젊/VA#97294; 은/ETM#97295; 세대/NNG#97296; 의/JKG#97297; 무너지/VV#97298; ㄴ/ETM#97299; 예절/NNG#97300; 과/JC#97301; 공중/NNG#97302; 도덕심/NNG#97303; 부재/NNG#97304; ]/SS#97305; 를/JKO#97306; 질타/NNG#97307; 하/XSV#97308; ㄴ/ETM#97309; 노/XPN#97310; 교수/NNG#97311; 의/JKG#97312; 용기/NNG#97313; 에/JKB#97314; 박수/NNG#97315; 를/JKO#97316; 보내/VV#97317; 게/EC#97318; 되/VV#97319		TRUE	[젊은 세대의 무너진 예절과 공중도덕심 부재]를 질타한 노교수의 용기에 박수를 보내게 되는 것이다.	[/SS#97293; 젊/VA#97294; 은/ETM#97295; 세대/NNG#97296; 의/JKG#97297; 무너지/VV#97298; ㄴ/ETM#97299; 예절/NNG#97300; 과/JC#97301; 공중/NNG#97302; 도덕심/NNG#97303; 부재/NNG#97304; ]/SS#97305; 를/JKO#97306; 질타/NNG#97307; 하/XSV#97308; ㄴ/ETM#97309; 노/XPN#97310; 교수/NNG#97311; 의/JKG#97312; 용기/NNG#97313; 에/JKB#97314; 박수/NNG#97315; 를/JKO#97316; 보내/VV#97317; 게/EC#97318; 되/VV#97319; 는/ETM#97320; 것/NNB#97321; 이/VCP#97322; 다/EF#97323; ./SF#97324
23486	3229	SubjTag					NEG	Low				TRUE	"이 땅의 젊은 세대들, 특히 지식과 양식의 전당에 몸담은 대학생들마저 공동체문화, 질서와 위계의 문화도 헤아리지 못할 정도로 무례한 도덕심 부재의 세태에 휘말리게 된 원인은 어디에 있는 것일까."	"이/MM#97325; 땅/NNG#97326; 의/JKG#97327; 젊/VA#97328; 은/ETM#97329; 세대/NNG#97330; 들/XSN#97331; ,/SP#97332; 특히/MAG#97333; 지식/NNG#97334; 과/JC#97335; 양식/NNG#97336; 의/JKG#97337; 전당/NNG#97338; 에/JKB#97339; 몸담/VV#97340; 은/ETM#97341; 대학생/NNG#97342; 들/XSN#97343; 마저/JX#97344; 공동체/NNG#97345; 문화/NNG#97346; ,/SP#97347; 질서/NNG#97348; 와/JC#97349; 위계/NNG#97350; 의/JKG#97351; 문화/NNG#97352; 도/JX#97353; 헤아리/VV#97354; 지/EC#97355; 못하/VX#97356; ㄹ/ETM#97357; 정도/NNG#97358; 로/JKB#97359; 무례/NNG#97360; 하/XSA#97361; ㄴ/ETM#97362; 도덕심/NNG#97363; 부재/NNG#97364; 의/JKG#97365; 세태/NNG#97366; 에/JKB#97367; 휘말리/VV#97368; 게/EC#97369; 되/VV#97370; ㄴ/ETM#97371; 원인/NNG#97372; 은/JX#97373; 어디/NP#97374; 에/JKB#97375; 있/VV#97376; 는/ETM#97377; 것/NNB#97378; 이/VCP#97379; ㄹ까/EF#97380; ./SF#97381"
23628	3229	Seed	특히/MAG#97333	writing-device	Others	POS	None	None		지식/NNG#97334; 과/JC#97335; 양식/NNG#97336; 의/JKG#97337; 전당/NNG#97338; 에/JKB#97339; 몸담/VV#97340; 은/ETM#97341; 대학생/NNG#97342; 들/XSN#97343		TRUE	"이 땅의 젊은 세대들, 특히 지식과 양식의 전당에 몸담은 대학생들마저 공동체문화, 질서와 위계의 문화도 헤아리지 못할 정도로 무례한 도덕심 부재의 세태에 휘말리게 된 원인은 어디에 있는 것일까."	"이/MM#97325; 땅/NNG#97326; 의/JKG#97327; 젊/VA#97328; 은/ETM#97329; 세대/NNG#97330; 들/XSN#97331; ,/SP#97332; 특히/MAG#97333; 지식/NNG#97334; 과/JC#97335; 양식/NNG#97336; 의/JKG#97337; 전당/NNG#97338; 에/JKB#97339; 몸담/VV#97340; 은/ETM#97341; 대학생/NNG#97342; 들/XSN#97343; 마저/JX#97344; 공동체/NNG#97345; 문화/NNG#97346; ,/SP#97347; 질서/NNG#97348; 와/JC#97349; 위계/NNG#97350; 의/JKG#97351; 문화/NNG#97352; 도/JX#97353; 헤아리/VV#97354; 지/EC#97355; 못하/VX#97356; ㄹ/ETM#97357; 정도/NNG#97358; 로/JKB#97359; 무례/NNG#97360; 하/XSA#97361; ㄴ/ETM#97362; 도덕심/NNG#97363; 부재/NNG#97364; 의/JKG#97365; 세태/NNG#97366; 에/JKB#97367; 휘말리/VV#97368; 게/EC#97369; 되/VV#97370; ㄴ/ETM#97371; 원인/NNG#97372; 은/JX#97373; 어디/NP#97374; 에/JKB#97375; 있/VV#97376; 는/ETM#97377; 것/NNB#97378; 이/VCP#97379; ㄹ까/EF#97380; ./SF#97381"
23629	3229	Seed	마저/JX#97344	writing-device	Others	POS	None	None		지식/NNG#97334; 과/JC#97335; 양식/NNG#97336; 의/JKG#97337; 전당/NNG#97338; 에/JKB#97339; 몸담/VV#97340; 은/ETM#97341; 대학생/NNG#97342; 들/XSN#97343		TRUE	"이 땅의 젊은 세대들, 특히 지식과 양식의 전당에 몸담은 대학생들마저 공동체문화, 질서와 위계의 문화도 헤아리지 못할 정도로 무례한 도덕심 부재의 세태에 휘말리게 된 원인은 어디에 있는 것일까."	"이/MM#97325; 땅/NNG#97326; 의/JKG#97327; 젊/VA#97328; 은/ETM#97329; 세대/NNG#97330; 들/XSN#97331; ,/SP#97332; 특히/MAG#97333; 지식/NNG#97334; 과/JC#97335; 양식/NNG#97336; 의/JKG#97337; 전당/NNG#97338; 에/JKB#97339; 몸담/VV#97340; 은/ETM#97341; 대학생/NNG#97342; 들/XSN#97343; 마저/JX#97344; 공동체/NNG#97345; 문화/NNG#97346; ,/SP#97347; 질서/NNG#97348; 와/JC#97349; 위계/NNG#97350; 의/JKG#97351; 문화/NNG#97352; 도/JX#97353; 헤아리/VV#97354; 지/EC#97355; 못하/VX#97356; ㄹ/ETM#97357; 정도/NNG#97358; 로/JKB#97359; 무례/NNG#97360; 하/XSA#97361; ㄴ/ETM#97362; 도덕심/NNG#97363; 부재/NNG#97364; 의/JKG#97365; 세태/NNG#97366; 에/JKB#97367; 휘말리/VV#97368; 게/EC#97369; 되/VV#97370; ㄴ/ETM#97371; 원인/NNG#97372; 은/JX#97373; 어디/NP#97374; 에/JKB#97375; 있/VV#97376; 는/ETM#97377; 것/NNB#97378; 이/VCP#97379; ㄹ까/EF#97380; ./SF#97381"
23630	3229	Seed	헤아리/VV#97354; 지/EC#97355; 못하/VX#97356	indirect	Agreement	NEG	NEG	Medium	"이/MM#97325; 땅/NNG#97326; 의/JKG#97327; 젊/VA#97328; 은/ETM#97329; 세대/NNG#97330; 들/XSN#97331; ,/SP#97332; 특히/MAG#97333; 지식/NNG#97334; 과/JC#97335; 양식/NNG#97336; 의/JKG#97337; 전당/NNG#97338; 에/JKB#97339; 몸담/VV#97340; 은/ETM#97341; 대학생/NNG#97342; 들/XSN#97343"	"공동체/NNG#97345; 문화/NNG#97346; ,/SP#97347; 질서/NNG#97348; 와/JC#97349; 위계/NNG#97350; 의/JKG#97351; 문화/NNG#97352"		TRUE	"이 땅의 젊은 세대들, 특히 지식과 양식의 전당에 몸담은 대학생들마저 공동체문화, 질서와 위계의 문화도 헤아리지 못할 정도로 무례한 도덕심 부재의 세태에 휘말리게 된 원인은 어디에 있는 것일까."	"이/MM#97325; 땅/NNG#97326; 의/JKG#97327; 젊/VA#97328; 은/ETM#97329; 세대/NNG#97330; 들/XSN#97331; ,/SP#97332; 특히/MAG#97333; 지식/NNG#97334; 과/JC#97335; 양식/NNG#97336; 의/JKG#97337; 전당/NNG#97338; 에/JKB#97339; 몸담/VV#97340; 은/ETM#97341; 대학생/NNG#97342; 들/XSN#97343; 마저/JX#97344; 공동체/NNG#97345; 문화/NNG#97346; ,/SP#97347; 질서/NNG#97348; 와/JC#97349; 위계/NNG#97350; 의/JKG#97351; 문화/NNG#97352; 도/JX#97353; 헤아리/VV#97354; 지/EC#97355; 못하/VX#97356; ㄹ/ETM#97357; 정도/NNG#97358; 로/JKB#97359; 무례/NNG#97360; 하/XSA#97361; ㄴ/ETM#97362; 도덕심/NNG#97363; 부재/NNG#97364; 의/JKG#97365; 세태/NNG#97366; 에/JKB#97367; 휘말리/VV#97368; 게/EC#97369; 되/VV#97370; ㄴ/ETM#97371; 원인/NNG#97372; 은/JX#97373; 어디/NP#97374; 에/JKB#97375; 있/VV#97376; 는/ETM#97377; 것/NNB#97378; 이/VCP#97379; ㄹ까/EF#97380; ./SF#97381"
23631	3229	Seed	ㄹ/ETM#97357; 정도/NNG#97358; 로/JKB#97359	writing-device	Others	POS	None	None		"공동체/NNG#97345; 문화/NNG#97346; ,/SP#97347; 질서/NNG#97348; 와/JC#97349; 위계/NNG#97350; 의/JKG#97351; 문화/NNG#97352; 도/JX#97353; 헤아리/VV#97354; 지/EC#97355; 못하/VX#97356"		TRUE	"이 땅의 젊은 세대들, 특히 지식과 양식의 전당에 몸담은 대학생들마저 공동체문화, 질서와 위계의 문화도 헤아리지 못할 정도로 무례한 도덕심 부재의 세태에 휘말리게 된 원인은 어디에 있는 것일까."	"이/MM#97325; 땅/NNG#97326; 의/JKG#97327; 젊/VA#97328; 은/ETM#97329; 세대/NNG#97330; 들/XSN#97331; ,/SP#97332; 특히/MAG#97333; 지식/NNG#97334; 과/JC#97335; 양식/NNG#97336; 의/JKG#97337; 전당/NNG#97338; 에/JKB#97339; 몸담/VV#97340; 은/ETM#97341; 대학생/NNG#97342; 들/XSN#97343; 마저/JX#97344; 공동체/NNG#97345; 문화/NNG#97346; ,/SP#97347; 질서/NNG#97348; 와/JC#97349; 위계/NNG#97350; 의/JKG#97351; 문화/NNG#97352; 도/JX#97353; 헤아리/VV#97354; 지/EC#97355; 못하/VX#97356; ㄹ/ETM#97357; 정도/NNG#97358; 로/JKB#97359; 무례/NNG#97360; 하/XSA#97361; ㄴ/ETM#97362; 도덕심/NNG#97363; 부재/NNG#97364; 의/JKG#97365; 세태/NNG#97366; 에/JKB#97367; 휘말리/VV#97368; 게/EC#97369; 되/VV#97370; ㄴ/ETM#97371; 원인/NNG#97372; 은/JX#97373; 어디/NP#97374; 에/JKB#97375; 있/VV#97376; 는/ETM#97377; 것/NNB#97378; 이/VCP#97379; ㄹ까/EF#97380; ./SF#97381"
23632	3229	Seed	무례/NNG#97360; 하/XSA#97361	indirect	Judgment	NEG	NEG	Medium		도덕심/NNG#97363; 부재/NNG#97364; 의/JKG#97365; 세태/NNG#97366		TRUE	"이 땅의 젊은 세대들, 특히 지식과 양식의 전당에 몸담은 대학생들마저 공동체문화, 질서와 위계의 문화도 헤아리지 못할 정도로 무례한 도덕심 부재의 세태에 휘말리게 된 원인은 어디에 있는 것일까."	"이/MM#97325; 땅/NNG#97326; 의/JKG#97327; 젊/VA#97328; 은/ETM#97329; 세대/NNG#97330; 들/XSN#97331; ,/SP#97332; 특히/MAG#97333; 지식/NNG#97334; 과/JC#97335; 양식/NNG#97336; 의/JKG#97337; 전당/NNG#97338; 에/JKB#97339; 몸담/VV#97340; 은/ETM#97341; 대학생/NNG#97342; 들/XSN#97343; 마저/JX#97344; 공동체/NNG#97345; 문화/NNG#97346; ,/SP#97347; 질서/NNG#97348; 와/JC#97349; 위계/NNG#97350; 의/JKG#97351; 문화/NNG#97352; 도/JX#97353; 헤아리/VV#97354; 지/EC#97355; 못하/VX#97356; ㄹ/ETM#97357; 정도/NNG#97358; 로/JKB#97359; 무례/NNG#97360; 하/XSA#97361; ㄴ/ETM#97362; 도덕심/NNG#97363; 부재/NNG#97364; 의/JKG#97365; 세태/NNG#97366; 에/JKB#97367; 휘말리/VV#97368; 게/EC#97369; 되/VV#97370; ㄴ/ETM#97371; 원인/NNG#97372; 은/JX#97373; 어디/NP#97374; 에/JKB#97375; 있/VV#97376; 는/ETM#97377; 것/NNB#97378; 이/VCP#97379; ㄹ까/EF#97380; ./SF#97381"
23633	3229	Seed	도덕심/NNG#97363	indirect	Judgment	POS	POS	Medium	Out			TRUE	"이 땅의 젊은 세대들, 특히 지식과 양식의 전당에 몸담은 대학생들마저 공동체문화, 질서와 위계의 문화도 헤아리지 못할 정도로 무례한 도덕심 부재의 세태에 휘말리게 된 원인은 어디에 있는 것일까."	"이/MM#97325; 땅/NNG#97326; 의/JKG#97327; 젊/VA#97328; 은/ETM#97329; 세대/NNG#97330; 들/XSN#97331; ,/SP#97332; 특히/MAG#97333; 지식/NNG#97334; 과/JC#97335; 양식/NNG#97336; 의/JKG#97337; 전당/NNG#97338; 에/JKB#97339; 몸담/VV#97340; 은/ETM#97341; 대학생/NNG#97342; 들/XSN#97343; 마저/JX#97344; 공동체/NNG#97345; 문화/NNG#97346; ,/SP#97347; 질서/NNG#97348; 와/JC#97349; 위계/NNG#97350; 의/JKG#97351; 문화/NNG#97352; 도/JX#97353; 헤아리/VV#97354; 지/EC#97355; 못하/VX#97356; ㄹ/ETM#97357; 정도/NNG#97358; 로/JKB#97359; 무례/NNG#97360; 하/XSA#97361; ㄴ/ETM#97362; 도덕심/NNG#97363; 부재/NNG#97364; 의/JKG#97365; 세태/NNG#97366; 에/JKB#97367; 휘말리/VV#97368; 게/EC#97369; 되/VV#97370; ㄴ/ETM#97371; 원인/NNG#97372; 은/JX#97373; 어디/NP#97374; 에/JKB#97375; 있/VV#97376; 는/ETM#97377; 것/NNB#97378; 이/VCP#97379; ㄹ까/EF#97380; ./SF#97381"
23634	3229	Seed	도덕심/NNG#97363; 부재/NNG#97364	indirect	Judgment	NEG	NEG	Medium				TRUE	"이 땅의 젊은 세대들, 특히 지식과 양식의 전당에 몸담은 대학생들마저 공동체문화, 질서와 위계의 문화도 헤아리지 못할 정도로 무례한 도덕심 부재의 세태에 휘말리게 된 원인은 어디에 있는 것일까."	"이/MM#97325; 땅/NNG#97326; 의/JKG#97327; 젊/VA#97328; 은/ETM#97329; 세대/NNG#97330; 들/XSN#97331; ,/SP#97332; 특히/MAG#97333; 지식/NNG#97334; 과/JC#97335; 양식/NNG#97336; 의/JKG#97337; 전당/NNG#97338; 에/JKB#97339; 몸담/VV#97340; 은/ETM#97341; 대학생/NNG#97342; 들/XSN#97343; 마저/JX#97344; 공동체/NNG#97345; 문화/NNG#97346; ,/SP#97347; 질서/NNG#97348; 와/JC#97349; 위계/NNG#97350; 의/JKG#97351; 문화/NNG#97352; 도/JX#97353; 헤아리/VV#97354; 지/EC#97355; 못하/VX#97356; ㄹ/ETM#97357; 정도/NNG#97358; 로/JKB#97359; 무례/NNG#97360; 하/XSA#97361; ㄴ/ETM#97362; 도덕심/NNG#97363; 부재/NNG#97364; 의/JKG#97365; 세태/NNG#97366; 에/JKB#97367; 휘말리/VV#97368; 게/EC#97369; 되/VV#97370; ㄴ/ETM#97371; 원인/NNG#97372; 은/JX#97373; 어디/NP#97374; 에/JKB#97375; 있/VV#97376; 는/ETM#97377; 것/NNB#97378; 이/VCP#97379; ㄹ까/EF#97380; ./SF#97381"
23635	3229	Seed	세태/NNG#97366	indirect	Judgment	NEG	NEG	Medium				TRUE	"이 땅의 젊은 세대들, 특히 지식과 양식의 전당에 몸담은 대학생들마저 공동체문화, 질서와 위계의 문화도 헤아리지 못할 정도로 무례한 도덕심 부재의 세태에 휘말리게 된 원인은 어디에 있는 것일까."	"이/MM#97325; 땅/NNG#97326; 의/JKG#97327; 젊/VA#97328; 은/ETM#97329; 세대/NNG#97330; 들/XSN#97331; ,/SP#97332; 특히/MAG#97333; 지식/NNG#97334; 과/JC#97335; 양식/NNG#97336; 의/JKG#97337; 전당/NNG#97338; 에/JKB#97339; 몸담/VV#97340; 은/ETM#97341; 대학생/NNG#97342; 들/XSN#97343; 마저/JX#97344; 공동체/NNG#97345; 문화/NNG#97346; ,/SP#97347; 질서/NNG#97348; 와/JC#97349; 위계/NNG#97350; 의/JKG#97351; 문화/NNG#97352; 도/JX#97353; 헤아리/VV#97354; 지/EC#97355; 못하/VX#97356; ㄹ/ETM#97357; 정도/NNG#97358; 로/JKB#97359; 무례/NNG#97360; 하/XSA#97361; ㄴ/ETM#97362; 도덕심/NNG#97363; 부재/NNG#97364; 의/JKG#97365; 세태/NNG#97366; 에/JKB#97367; 휘말리/VV#97368; 게/EC#97369; 되/VV#97370; ㄴ/ETM#97371; 원인/NNG#97372; 은/JX#97373; 어디/NP#97374; 에/JKB#97375; 있/VV#97376; 는/ETM#97377; 것/NNB#97378; 이/VCP#97379; ㄹ까/EF#97380; ./SF#97381"
23636	3229	Seed	무례/NNG#97360; 하/XSA#97361; ㄴ/ETM#97362; 도덕심/NNG#97363; 부재/NNG#97364; 의/JKG#97365; 세태/NNG#97366; 에/JKB#97367; 휘말리/VV#97368	indirect	Judgment	NEG	NEG	Medium		"이/MM#97325; 땅/NNG#97326; 의/JKG#97327; 젊/VA#97328; 은/ETM#97329; 세대/NNG#97330; 들/XSN#97331; ,/SP#97332; 특히/MAG#97333; 지식/NNG#97334; 과/JC#97335; 양식/NNG#97336; 의/JKG#97337; 전당/NNG#97338; 에/JKB#97339; 몸담/VV#97340; 은/ETM#97341; 대학생/NNG#97342; 들/XSN#97343"		TRUE	"이 땅의 젊은 세대들, 특히 지식과 양식의 전당에 몸담은 대학생들마저 공동체문화, 질서와 위계의 문화도 헤아리지 못할 정도로 무례한 도덕심 부재의 세태에 휘말리게 된 원인은 어디에 있는 것일까."	"이/MM#97325; 땅/NNG#97326; 의/JKG#97327; 젊/VA#97328; 은/ETM#97329; 세대/NNG#97330; 들/XSN#97331; ,/SP#97332; 특히/MAG#97333; 지식/NNG#97334; 과/JC#97335; 양식/NNG#97336; 의/JKG#97337; 전당/NNG#97338; 에/JKB#97339; 몸담/VV#97340; 은/ETM#97341; 대학생/NNG#97342; 들/XSN#97343; 마저/JX#97344; 공동체/NNG#97345; 문화/NNG#97346; ,/SP#97347; 질서/NNG#97348; 와/JC#97349; 위계/NNG#97350; 의/JKG#97351; 문화/NNG#97352; 도/JX#97353; 헤아리/VV#97354; 지/EC#97355; 못하/VX#97356; ㄹ/ETM#97357; 정도/NNG#97358; 로/JKB#97359; 무례/NNG#97360; 하/XSA#97361; ㄴ/ETM#97362; 도덕심/NNG#97363; 부재/NNG#97364; 의/JKG#97365; 세태/NNG#97366; 에/JKB#97367; 휘말리/VV#97368; 게/EC#97369; 되/VV#97370; ㄴ/ETM#97371; 원인/NNG#97372; 은/JX#97373; 어디/NP#97374; 에/JKB#97375; 있/VV#97376; 는/ETM#97377; 것/NNB#97378; 이/VCP#97379; ㄹ까/EF#97380; ./SF#97381"
23637	3229	Seed	ㄹ까/EF#97380	writing-device	Others	POS	None	None		어디/NP#97374; 에/JKB#97375; 있/VV#97376; 는/ETM#97377; 것/NNB#97378; 이/VCP#97379		TRUE	"이 땅의 젊은 세대들, 특히 지식과 양식의 전당에 몸담은 대학생들마저 공동체문화, 질서와 위계의 문화도 헤아리지 못할 정도로 무례한 도덕심 부재의 세태에 휘말리게 된 원인은 어디에 있는 것일까."	"이/MM#97325; 땅/NNG#97326; 의/JKG#97327; 젊/VA#97328; 은/ETM#97329; 세대/NNG#97330; 들/XSN#97331; ,/SP#97332; 특히/MAG#97333; 지식/NNG#97334; 과/JC#97335; 양식/NNG#97336; 의/JKG#97337; 전당/NNG#97338; 에/JKB#97339; 몸담/VV#97340; 은/ETM#97341; 대학생/NNG#97342; 들/XSN#97343; 마저/JX#97344; 공동체/NNG#97345; 문화/NNG#97346; ,/SP#97347; 질서/NNG#97348; 와/JC#97349; 위계/NNG#97350; 의/JKG#97351; 문화/NNG#97352; 도/JX#97353; 헤아리/VV#97354; 지/EC#97355; 못하/VX#97356; ㄹ/ETM#97357; 정도/NNG#97358; 로/JKB#97359; 무례/NNG#97360; 하/XSA#97361; ㄴ/ETM#97362; 도덕심/NNG#97363; 부재/NNG#97364; 의/JKG#97365; 세태/NNG#97366; 에/JKB#97367; 휘말리/VV#97368; 게/EC#97369; 되/VV#97370; ㄴ/ETM#97371; 원인/NNG#97372; 은/JX#97373; 어디/NP#97374; 에/JKB#97375; 있/VV#97376; 는/ETM#97377; 것/NNB#97378; 이/VCP#97379; ㄹ까/EF#97380; ./SF#97381"
23487	3230	SubjTag					NEG	Low				TRUE	핵심적인 원인은 우리 초·중·고교의 교육에 있다.	핵심/NNG#97382; 적/XSN#97383; 이/VCP#97384; ㄴ/ETM#97385; 원인/NNG#97386; 은/JX#97387; 우리/NP#97388; 초/NNG#97389; ·/SP#97390; 중/NNG#97391; ·/SP#97392; 고교/NNG#97393; 의/JKG#97394; 교육/NNG#97395; 에/JKB#97396; 있/VV#97397; 다/EF#97398; ./SF#97399
23638	3230	Seed	핵심/NNG#97382; 적/XSN#97383; 이/VCP#97384	indirect	Judgment	POS	NEG	Medium		원인/NNG#97386		TRUE	핵심적인 원인은 우리 초·중·고교의 교육에 있다.	핵심/NNG#97382; 적/XSN#97383; 이/VCP#97384; ㄴ/ETM#97385; 원인/NNG#97386; 은/JX#97387; 우리/NP#97388; 초/NNG#97389; ·/SP#97390; 중/NNG#97391; ·/SP#97392; 고교/NNG#97393; 의/JKG#97394; 교육/NNG#97395; 에/JKB#97396; 있/VV#97397; 다/EF#97398; ./SF#97399
23488	3231	SubjTag					NEG	Medium				TRUE	대학진학 지상주의에 흘러 입시 위주교육이 되다보니 공중도덕심이나 예절을 갖춘 사람을 만드는 인성 교육이 전혀 이뤄지지 않았다.	대학/NNG#97400; 진학/NNG#97401; 지상주의/NNG#97402; 에/JKB#97403; 흐르/VV#97404; 어/EC#97405; 입시/NNG#97406; 위주/NNG#97407; 교육/NNG#97408; 이/JKC#97409; 되/VV#97410; 다/EC#97411; 보/VX#97412; 니/EC#97413; 공중/NNG#97414; 도덕심/NNG#97415; 이나/JC#97416; 예절/NNG#97417; 을/JKO#97418; 갖추/VV#97419; ㄴ/ETM#97420; 사람/NNG#97421; 을/JKO#97422; 만들/VV#97423; 는/ETM#97424; 인성/NNG#97425; 교육/NNG#97426; 이/JKS#97427; 전혀/MAG#97428; 이루/VV#97429; 어/EC#97430; 지/VX#97431; 지/EC#97432; 않/VX#97433; 았/EP#97434; 다/EF#97435; ./SF#97436
23639	3231	Seed	지상주의/NNG#97402	indirect	Judgment	POS	POS	High	Out	대학/NNG#97400; 진학/NNG#97401		TRUE	대학진학 지상주의에 흘러 입시 위주교육이 되다보니 공중도덕심이나 예절을 갖춘 사람을 만드는 인성 교육이 전혀 이뤄지지 않았다.	대학/NNG#97400; 진학/NNG#97401; 지상주의/NNG#97402; 에/JKB#97403; 흐르/VV#97404; 어/EC#97405; 입시/NNG#97406; 위주/NNG#97407; 교육/NNG#97408; 이/JKC#97409; 되/VV#97410; 다/EC#97411; 보/VX#97412; 니/EC#97413; 공중/NNG#97414; 도덕심/NNG#97415; 이나/JC#97416; 예절/NNG#97417; 을/JKO#97418; 갖추/VV#97419; ㄴ/ETM#97420; 사람/NNG#97421; 을/JKO#97422; 만들/VV#97423; 는/ETM#97424; 인성/NNG#97425; 교육/NNG#97426; 이/JKS#97427; 전혀/MAG#97428; 이루/VV#97429; 어/EC#97430; 지/VX#97431; 지/EC#97432; 않/VX#97433; 았/EP#97434; 다/EF#97435; ./SF#97436
23640	3231	Seed	위주/NNG#97407	indirect	Judgment	POS	POS	Medium	Out	입시/NNG#97406		TRUE	대학진학 지상주의에 흘러 입시 위주교육이 되다보니 공중도덕심이나 예절을 갖춘 사람을 만드는 인성 교육이 전혀 이뤄지지 않았다.	대학/NNG#97400; 진학/NNG#97401; 지상주의/NNG#97402; 에/JKB#97403; 흐르/VV#97404; 어/EC#97405; 입시/NNG#97406; 위주/NNG#97407; 교육/NNG#97408; 이/JKC#97409; 되/VV#97410; 다/EC#97411; 보/VX#97412; 니/EC#97413; 공중/NNG#97414; 도덕심/NNG#97415; 이나/JC#97416; 예절/NNG#97417; 을/JKO#97418; 갖추/VV#97419; ㄴ/ETM#97420; 사람/NNG#97421; 을/JKO#97422; 만들/VV#97423; 는/ETM#97424; 인성/NNG#97425; 교육/NNG#97426; 이/JKS#97427; 전혀/MAG#97428; 이루/VV#97429; 어/EC#97430; 지/VX#97431; 지/EC#97432; 않/VX#97433; 았/EP#97434; 다/EF#97435; ./SF#97436
23641	3231	Seed	공중/NNG#97414; 도덕심/NNG#97415; 이나/JC#97416; 예절/NNG#97417; 을/JKO#97418; 갖추/VV#97419	indirect	Judgment	POS	POS	Medium	Out	사람/NNG#97421		TRUE	대학진학 지상주의에 흘러 입시 위주교육이 되다보니 공중도덕심이나 예절을 갖춘 사람을 만드는 인성 교육이 전혀 이뤄지지 않았다.	대학/NNG#97400; 진학/NNG#97401; 지상주의/NNG#97402; 에/JKB#97403; 흐르/VV#97404; 어/EC#97405; 입시/NNG#97406; 위주/NNG#97407; 교육/NNG#97408; 이/JKC#97409; 되/VV#97410; 다/EC#97411; 보/VX#97412; 니/EC#97413; 공중/NNG#97414; 도덕심/NNG#97415; 이나/JC#97416; 예절/NNG#97417; 을/JKO#97418; 갖추/VV#97419; ㄴ/ETM#97420; 사람/NNG#97421; 을/JKO#97422; 만들/VV#97423; 는/ETM#97424; 인성/NNG#97425; 교육/NNG#97426; 이/JKS#97427; 전혀/MAG#97428; 이루/VV#97429; 어/EC#97430; 지/VX#97431; 지/EC#97432; 않/VX#97433; 았/EP#97434; 다/EF#97435; ./SF#97436
23642	3231	Seed	인성/NNG#97425; 교육/NNG#97426; 이/JKS#97427; 전혀/MAG#97428; 이루/VV#97429; 어/EC#97430; 지/VX#97431; 지/EC#97432; 않/VX#97433	dir-explicit	Judgment	NEG	NEG	High				TRUE	대학진학 지상주의에 흘러 입시 위주교육이 되다보니 공중도덕심이나 예절을 갖춘 사람을 만드는 인성 교육이 전혀 이뤄지지 않았다.	대학/NNG#97400; 진학/NNG#97401; 지상주의/NNG#97402; 에/JKB#97403; 흐르/VV#97404; 어/EC#97405; 입시/NNG#97406; 위주/NNG#97407; 교육/NNG#97408; 이/JKC#97409; 되/VV#97410; 다/EC#97411; 보/VX#97412; 니/EC#97413; 공중/NNG#97414; 도덕심/NNG#97415; 이나/JC#97416; 예절/NNG#97417; 을/JKO#97418; 갖추/VV#97419; ㄴ/ETM#97420; 사람/NNG#97421; 을/JKO#97422; 만들/VV#97423; 는/ETM#97424; 인성/NNG#97425; 교육/NNG#97426; 이/JKS#97427; 전혀/MAG#97428; 이루/VV#97429; 어/EC#97430; 지/VX#97431; 지/EC#97432; 않/VX#97433; 았/EP#97434; 다/EF#97435; ./SF#97436
23489	3232	SubjTag					NEG	Low				TRUE	이같은 인성교육의 부재가 근 1세대에 걸쳐 계속됐고 그런 교육을 받고 자란 세대들이 지금 우리 사회의 주역으로 자라나고 있다.	이/NP#97437; 같/VA#97438; 은/ETM#97439; 인성/NNG#97440; 교육/NNG#97441; 의/JKG#97442; 부재/NNG#97443; 가/JKS#97444; 근/MM#97445; 1/SN#97446; 세대/NNG#97447; 에/JKB#97448; 걸치/VV#97449; 어/EC#97450; 계속/NNG#97451; 되/XSV#97452; 었/EP#97453; 고/EC#97454; 그런/MM#97455; 교육/NNG#97456; 을/JKO#97457; 받/VV#97458; 고/EC#97459; 자라/VV#97460; ㄴ/ETM#97461; 세대/NNG#97462; 들/XSN#97463; 이/JKS#97464; 지금/MAG#97465; 우리/NP#97466; 사회/NNG#97467; 의/JKG#97468; 주역/NNG#97469; 으로/JKB#97470; 자라나/VV#97471; 고/EC#97472; 있/VX#97473; 다/EF#97474; ./SF#97475
23643	3232	Seed	인성/NNG#97440; 교육/NNG#97441; 의/JKG#97442; 부재/NNG#97443	indirect	Judgment	NEG	NEG	Medium				TRUE	이같은 인성교육의 부재가 근 1세대에 걸쳐 계속됐고 그런 교육을 받고 자란 세대들이 지금 우리 사회의 주역으로 자라나고 있다.	이/NP#97437; 같/VA#97438; 은/ETM#97439; 인성/NNG#97440; 교육/NNG#97441; 의/JKG#97442; 부재/NNG#97443; 가/JKS#97444; 근/MM#97445; 1/SN#97446; 세대/NNG#97447; 에/JKB#97448; 걸치/VV#97449; 어/EC#97450; 계속/NNG#97451; 되/XSV#97452; 었/EP#97453; 고/EC#97454; 그런/MM#97455; 교육/NNG#97456; 을/JKO#97457; 받/VV#97458; 고/EC#97459; 자라/VV#97460; ㄴ/ETM#97461; 세대/NNG#97462; 들/XSN#97463; 이/JKS#97464; 지금/MAG#97465; 우리/NP#97466; 사회/NNG#97467; 의/JKG#97468; 주역/NNG#97469; 으로/JKB#97470; 자라나/VV#97471; 고/EC#97472; 있/VX#97473; 다/EF#97474; ./SF#97475
23490	3233	SubjTag					NEG	Low				TRUE	교육의 질적 개선이 화급한 이유가 바로 여기에 있다.	교육/NNG#97476; 의/JKG#97477; 질/NNG#97478; 적/XSN#97479; 개선/NNG#97480; 이/JKS#97481; 화급/NNG#97482; 하/XSA#97483; ㄴ/ETM#97484; 이유/NNG#97485; 가/JKS#97486; 바로/MAG#97487; 여기/NP#97488; 에/JKB#97489; 있/VV#97490; 다/EF#97491; ./SF#97492
23644	3233	Seed	개선/NNG#97480	indirect	Judgment	POS	POS	Medium		교육/NNG#97476 - 질/NNG#97478		TRUE	교육의 질적 개선이 화급한 이유가 바로 여기에 있다.	교육/NNG#97476; 의/JKG#97477; 질/NNG#97478; 적/XSN#97479; 개선/NNG#97480; 이/JKS#97481; 화급/NNG#97482; 하/XSA#97483; ㄴ/ETM#97484; 이유/NNG#97485; 가/JKS#97486; 바로/MAG#97487; 여기/NP#97488; 에/JKB#97489; 있/VV#97490; 다/EF#97491; ./SF#97492
23645	3233	Seed	화급/NNG#97482; 하/XSA#97483	indirect	Judgment	POS	POS	High		교육/NNG#97476; 의/JKG#97477; 질/NNG#97478; 적/XSN#97479; 개선/NNG#97480		TRUE	교육의 질적 개선이 화급한 이유가 바로 여기에 있다.	교육/NNG#97476; 의/JKG#97477; 질/NNG#97478; 적/XSN#97479; 개선/NNG#97480; 이/JKS#97481; 화급/NNG#97482; 하/XSA#97483; ㄴ/ETM#97484; 이유/NNG#97485; 가/JKS#97486; 바로/MAG#97487; 여기/NP#97488; 에/JKB#97489; 있/VV#97490; 다/EF#97491; ./SF#97492
23646	3233	Seed	바로/MAG#97487	writing-device	Others	POS	None	None		여기/NP#97488		TRUE	교육의 질적 개선이 화급한 이유가 바로 여기에 있다.	교육/NNG#97476; 의/JKG#97477; 질/NNG#97478; 적/XSN#97479; 개선/NNG#97480; 이/JKS#97481; 화급/NNG#97482; 하/XSA#97483; ㄴ/ETM#97484; 이유/NNG#97485; 가/JKS#97486; 바로/MAG#97487; 여기/NP#97488; 에/JKB#97489; 있/VV#97490; 다/EF#97491; ./SF#97492
23491	3234	SubjTag					NEG	Low				TRUE	이 문제는 꼭 학교만을 탓할 것도 못된다.	이/MM#97493; 문제/NNG#97494; 는/JX#97495; 꼭/MAG#97496; 학교/NNG#97497; 만/JX#97498; 을/JKO#97499; 탓/NNG#97500; 하/XSV#97501; ㄹ/ETM#97502; 것/NNB#97503; 도/JX#97504; 못/MAG#97505; 되/XSV#97506; ㄴ다/EF#97507; ./SF#97508
23647	3234	Seed	문제/NNG#97494	indirect	Judgment	NEG	NEG	Medium				TRUE	이 문제는 꼭 학교만을 탓할 것도 못된다.	이/MM#97493; 문제/NNG#97494; 는/JX#97495; 꼭/MAG#97496; 학교/NNG#97497; 만/JX#97498; 을/JKO#97499; 탓/NNG#97500; 하/XSV#97501; ㄹ/ETM#97502; 것/NNB#97503; 도/JX#97504; 못/MAG#97505; 되/XSV#97506; ㄴ다/EF#97507; ./SF#97508
23648	3234	Seed	꼭/MAG#97496	writing-device	Others	POS	None	None				TRUE	이 문제는 꼭 학교만을 탓할 것도 못된다.	이/MM#97493; 문제/NNG#97494; 는/JX#97495; 꼭/MAG#97496; 학교/NNG#97497; 만/JX#97498; 을/JKO#97499; 탓/NNG#97500; 하/XSV#97501; ㄹ/ETM#97502; 것/NNB#97503; 도/JX#97504; 못/MAG#97505; 되/XSV#97506; ㄴ다/EF#97507; ./SF#97508
23649	3234	Seed	ㄹ/ETM#97502; 것/NNB#97503; 도/JX#97504; 못/MAG#97505; 되/XSV#97506	writing-device	Others	POS	None	None		학교/NNG#97497; 만/JX#97498; 을/JKO#97499; 탓/NNG#97500; 하/XSV#97501		TRUE	이 문제는 꼭 학교만을 탓할 것도 못된다.	이/MM#97493; 문제/NNG#97494; 는/JX#97495; 꼭/MAG#97496; 학교/NNG#97497; 만/JX#97498; 을/JKO#97499; 탓/NNG#97500; 하/XSV#97501; ㄹ/ETM#97502; 것/NNB#97503; 도/JX#97504; 못/MAG#97505; 되/XSV#97506; ㄴ다/EF#97507; ./SF#97508
23650	3234	Seed	탓/NNG#97500; 하/XSV#97501	indirect	Judgment	NEG	NEG	Medium	Out	학교/NNG#97497; 만/JX#97498		TRUE	이 문제는 꼭 학교만을 탓할 것도 못된다.	이/MM#97493; 문제/NNG#97494; 는/JX#97495; 꼭/MAG#97496; 학교/NNG#97497; 만/JX#97498; 을/JKO#97499; 탓/NNG#97500; 하/XSV#97501; ㄹ/ETM#97502; 것/NNB#97503; 도/JX#97504; 못/MAG#97505; 되/XSV#97506; ㄴ다/EF#97507; ./SF#97508
23651	3234	Seed	꼭/MAG#97496; 만/JX#97498; 을/JKO#97499; ㄹ/ETM#97502; 것/NNB#97503; 도/JX#97504; 못/MAG#97505; 되/XSV#97506	dir-explicit	Argument	NEG	NEG	Low		학교/NNG#97497; 탓/NNG#97500; 하/XSV#97501		TRUE	이 문제는 꼭 학교만을 탓할 것도 못된다.	이/MM#97493; 문제/NNG#97494; 는/JX#97495; 꼭/MAG#97496; 학교/NNG#97497; 만/JX#97498; 을/JKO#97499; 탓/NNG#97500; 하/XSV#97501; ㄹ/ETM#97502; 것/NNB#97503; 도/JX#97504; 못/MAG#97505; 되/XSV#97506; ㄴ다/EF#97507; ./SF#97508
23492	3235	SubjTag					NEG	Medium				TRUE	임 교수도 지적했듯이 어려운 시대를 살아온 부모세대들이 {내 자식만큼은 고생을 안 시키겠다}는 보상심리로 가정에서마저 사람을 만드는 엄한 가정교육을 하지 않고 그저 좋은 대학에 들어갈 수 있게 시험공부만 시켜주기를 바라기 때문에 예절도 모르는 이기적인 인간군을 양산하고 있는 것이다.	임/NNP#97509; 교수/NNG#97510; 도/JX#97511; 지적/NNG#97512; 하/XSV#97513; 았/EP#97514; 듯이/EC#97515; 어렵/VA#97516; ㄴ/ETM#97517; 시대/NNG#97518; 를/JKO#97519; 살아오/VV#97520; ㄴ/ETM#97521; 부모/NNG#97522; 세대/NNG#97523; 들/XSN#97524; 이/JKS#97525; {/SS#97526; 나/NP#97527; 의/JKG#97528; 자식/NNG#97529; 만큼/JX#97530; 은/JX#97531; 고생/NNG#97532; 을/JKO#97533; 안/MAG#97534; 시키/VV#97535; 겠/EP#97536; 다/EC#97537; }/SS#97538; 는/ETM#97539; 보상/NNG#97540; 심리/NNG#97541; 로/JKB#97542; 가정/NNG#97543; 에서/JKB#97544; 마저/JX#97545; 사람/NNG#97546; 을/JKO#97547; 만들/VV#97548; 는/ETM#97549; 엄하/VA#97550; ㄴ/ETM#97551; 가정/NNG#97552; 교육/NNG#97553; 을/JKO#97554; 하/VV#97555; 지/EC#97556; 않/VX#97557; 고/EC#97558; 그저/MAG#97559; 좋/VA#97560; 은/ETM#97561; 대학/NNG#97562; 에/JKB#97563; 들어가/VV#97564; ㄹ/ETM#97565; 수/NNB#97566; 있/VV#97567; 게/EC#97568; 시험/NNG#97569; 공부/NNG#97570; 만/JX#97571; 시키/VV#97572; 어/EC#97573; 주/VX#97574; 기/ETN#97575; 를/JKO#97576; 바라/VV#97577; 기/ETN#97578; 때문/NNB#97579; 에/JKB#97580; 예절/NNG#97581; 도/JX#97582; 모르/VV#97583; 는/ETM#97584; 이기/NNG#97585; 적/XSN#97586; 이/VCP#97587; ㄴ/ETM#97588; 인간군/NNG#97589; 을/JKO#97590; 양산/NNG#97591; 하/XSV#97592; 고/EC#97593; 있/VX#97594; 는/ETM#97595; 것/NNB#97596; 이/VCP#97597; 다/EF#97598; ./SF#97599
23652	3235	Seed	지적/NNG#97512; 하/XSV#97513	indirect	Argument	POS	NEG	Medium	임/NNP#97509; 교수/NNG#97510			TRUE	임 교수도 지적했듯이 어려운 시대를 살아온 부모세대들이 {내 자식만큼은 고생을 안 시키겠다}는 보상심리로 가정에서마저 사람을 만드는 엄한 가정교육을 하지 않고 그저 좋은 대학에 들어갈 수 있게 시험공부만 시켜주기를 바라기 때문에 예절도 모르는 이기적인 인간군을 양산하고 있는 것이다.	임/NNP#97509; 교수/NNG#97510; 도/JX#97511; 지적/NNG#97512; 하/XSV#97513; 았/EP#97514; 듯이/EC#97515; 어렵/VA#97516; ㄴ/ETM#97517; 시대/NNG#97518; 를/JKO#97519; 살아오/VV#97520; ㄴ/ETM#97521; 부모/NNG#97522; 세대/NNG#97523; 들/XSN#97524; 이/JKS#97525; {/SS#97526; 나/NP#97527; 의/JKG#97528; 자식/NNG#97529; 만큼/JX#97530; 은/JX#97531; 고생/NNG#97532; 을/JKO#97533; 안/MAG#97534; 시키/VV#97535; 겠/EP#97536; 다/EC#97537; }/SS#97538; 는/ETM#97539; 보상/NNG#97540; 심리/NNG#97541; 로/JKB#97542; 가정/NNG#97543; 에서/JKB#97544; 마저/JX#97545; 사람/NNG#97546; 을/JKO#97547; 만들/VV#97548; 는/ETM#97549; 엄하/VA#97550; ㄴ/ETM#97551; 가정/NNG#97552; 교육/NNG#97553; 을/JKO#97554; 하/VV#97555; 지/EC#97556; 않/VX#97557; 고/EC#97558; 그저/MAG#97559; 좋/VA#97560; 은/ETM#97561; 대학/NNG#97562; 에/JKB#97563; 들어가/VV#97564; ㄹ/ETM#97565; 수/NNB#97566; 있/VV#97567; 게/EC#97568; 시험/NNG#97569; 공부/NNG#97570; 만/JX#97571; 시키/VV#97572; 어/EC#97573; 주/VX#97574; 기/ETN#97575; 를/JKO#97576; 바라/VV#97577; 기/ETN#97578; 때문/NNB#97579; 에/JKB#97580; 예절/NNG#97581; 도/JX#97582; 모르/VV#97583; 는/ETM#97584; 이기/NNG#97585; 적/XSN#97586; 이/VCP#97587; ㄴ/ETM#97588; 인간군/NNG#97589; 을/JKO#97590; 양산/NNG#97591; 하/XSV#97592; 고/EC#97593; 있/VX#97594; 는/ETM#97595; 것/NNB#97596; 이/VCP#97597; 다/EF#97598; ./SF#97599
23653	3235	Seed	았/EP#97514; 듯이/EC#97515	writing-device	Others	POS	None	None		임/NNP#97509; 교수/NNG#97510; 지적/NNG#97512; 하/XSV#97513		TRUE	임 교수도 지적했듯이 어려운 시대를 살아온 부모세대들이 {내 자식만큼은 고생을 안 시키겠다}는 보상심리로 가정에서마저 사람을 만드는 엄한 가정교육을 하지 않고 그저 좋은 대학에 들어갈 수 있게 시험공부만 시켜주기를 바라기 때문에 예절도 모르는 이기적인 인간군을 양산하고 있는 것이다.	임/NNP#97509; 교수/NNG#97510; 도/JX#97511; 지적/NNG#97512; 하/XSV#97513; 았/EP#97514; 듯이/EC#97515; 어렵/VA#97516; ㄴ/ETM#97517; 시대/NNG#97518; 를/JKO#97519; 살아오/VV#97520; ㄴ/ETM#97521; 부모/NNG#97522; 세대/NNG#97523; 들/XSN#97524; 이/JKS#97525; {/SS#97526; 나/NP#97527; 의/JKG#97528; 자식/NNG#97529; 만큼/JX#97530; 은/JX#97531; 고생/NNG#97532; 을/JKO#97533; 안/MAG#97534; 시키/VV#97535; 겠/EP#97536; 다/EC#97537; }/SS#97538; 는/ETM#97539; 보상/NNG#97540; 심리/NNG#97541; 로/JKB#97542; 가정/NNG#97543; 에서/JKB#97544; 마저/JX#97545; 사람/NNG#97546; 을/JKO#97547; 만들/VV#97548; 는/ETM#97549; 엄하/VA#97550; ㄴ/ETM#97551; 가정/NNG#97552; 교육/NNG#97553; 을/JKO#97554; 하/VV#97555; 지/EC#97556; 않/VX#97557; 고/EC#97558; 그저/MAG#97559; 좋/VA#97560; 은/ETM#97561; 대학/NNG#97562; 에/JKB#97563; 들어가/VV#97564; ㄹ/ETM#97565; 수/NNB#97566; 있/VV#97567; 게/EC#97568; 시험/NNG#97569; 공부/NNG#97570; 만/JX#97571; 시키/VV#97572; 어/EC#97573; 주/VX#97574; 기/ETN#97575; 를/JKO#97576; 바라/VV#97577; 기/ETN#97578; 때문/NNB#97579; 에/JKB#97580; 예절/NNG#97581; 도/JX#97582; 모르/VV#97583; 는/ETM#97584; 이기/NNG#97585; 적/XSN#97586; 이/VCP#97587; ㄴ/ETM#97588; 인간군/NNG#97589; 을/JKO#97590; 양산/NNG#97591; 하/XSV#97592; 고/EC#97593; 있/VX#97594; 는/ETM#97595; 것/NNB#97596; 이/VCP#97597; 다/EF#97598; ./SF#97599
23654	3235	Seed	어렵/VA#97516	indirect	Judgment	NEG	NEG	Medium		시대/NNG#97518		TRUE	임 교수도 지적했듯이 어려운 시대를 살아온 부모세대들이 {내 자식만큼은 고생을 안 시키겠다}는 보상심리로 가정에서마저 사람을 만드는 엄한 가정교육을 하지 않고 그저 좋은 대학에 들어갈 수 있게 시험공부만 시켜주기를 바라기 때문에 예절도 모르는 이기적인 인간군을 양산하고 있는 것이다.	임/NNP#97509; 교수/NNG#97510; 도/JX#97511; 지적/NNG#97512; 하/XSV#97513; 았/EP#97514; 듯이/EC#97515; 어렵/VA#97516; ㄴ/ETM#97517; 시대/NNG#97518; 를/JKO#97519; 살아오/VV#97520; ㄴ/ETM#97521; 부모/NNG#97522; 세대/NNG#97523; 들/XSN#97524; 이/JKS#97525; {/SS#97526; 나/NP#97527; 의/JKG#97528; 자식/NNG#97529; 만큼/JX#97530; 은/JX#97531; 고생/NNG#97532; 을/JKO#97533; 안/MAG#97534; 시키/VV#97535; 겠/EP#97536; 다/EC#97537; }/SS#97538; 는/ETM#97539; 보상/NNG#97540; 심리/NNG#97541; 로/JKB#97542; 가정/NNG#97543; 에서/JKB#97544; 마저/JX#97545; 사람/NNG#97546; 을/JKO#97547; 만들/VV#97548; 는/ETM#97549; 엄하/VA#97550; ㄴ/ETM#97551; 가정/NNG#97552; 교육/NNG#97553; 을/JKO#97554; 하/VV#97555; 지/EC#97556; 않/VX#97557; 고/EC#97558; 그저/MAG#97559; 좋/VA#97560; 은/ETM#97561; 대학/NNG#97562; 에/JKB#97563; 들어가/VV#97564; ㄹ/ETM#97565; 수/NNB#97566; 있/VV#97567; 게/EC#97568; 시험/NNG#97569; 공부/NNG#97570; 만/JX#97571; 시키/VV#97572; 어/EC#97573; 주/VX#97574; 기/ETN#97575; 를/JKO#97576; 바라/VV#97577; 기/ETN#97578; 때문/NNB#97579; 에/JKB#97580; 예절/NNG#97581; 도/JX#97582; 모르/VV#97583; 는/ETM#97584; 이기/NNG#97585; 적/XSN#97586; 이/VCP#97587; ㄴ/ETM#97588; 인간군/NNG#97589; 을/JKO#97590; 양산/NNG#97591; 하/XSV#97592; 고/EC#97593; 있/VX#97594; 는/ETM#97595; 것/NNB#97596; 이/VCP#97597; 다/EF#97598; ./SF#97599
23655	3235	Seed	보상/NNG#97540; 심리/NNG#97541	indirect	Intention	POS	POS	Medium	어렵/VA#97516; ㄴ/ETM#97517; 시대/NNG#97518; 를/JKO#97519; 살아오/VV#97520; ㄴ/ETM#97521; 부모/NNG#97522; 세대/NNG#97523; 들/XSN#97524	{/SS#97526; 나/NP#97527; 의/JKG#97528; 자식/NNG#97529; 만큼/JX#97530; 은/JX#97531; 고생/NNG#97532; 을/JKO#97533; 안/MAG#97534; 시키/VV#97535; 겠/EP#97536; 다/EC#97537; }/SS#97538		TRUE	임 교수도 지적했듯이 어려운 시대를 살아온 부모세대들이 {내 자식만큼은 고생을 안 시키겠다}는 보상심리로 가정에서마저 사람을 만드는 엄한 가정교육을 하지 않고 그저 좋은 대학에 들어갈 수 있게 시험공부만 시켜주기를 바라기 때문에 예절도 모르는 이기적인 인간군을 양산하고 있는 것이다.	임/NNP#97509; 교수/NNG#97510; 도/JX#97511; 지적/NNG#97512; 하/XSV#97513; 았/EP#97514; 듯이/EC#97515; 어렵/VA#97516; ㄴ/ETM#97517; 시대/NNG#97518; 를/JKO#97519; 살아오/VV#97520; ㄴ/ETM#97521; 부모/NNG#97522; 세대/NNG#97523; 들/XSN#97524; 이/JKS#97525; {/SS#97526; 나/NP#97527; 의/JKG#97528; 자식/NNG#97529; 만큼/JX#97530; 은/JX#97531; 고생/NNG#97532; 을/JKO#97533; 안/MAG#97534; 시키/VV#97535; 겠/EP#97536; 다/EC#97537; }/SS#97538; 는/ETM#97539; 보상/NNG#97540; 심리/NNG#97541; 로/JKB#97542; 가정/NNG#97543; 에서/JKB#97544; 마저/JX#97545; 사람/NNG#97546; 을/JKO#97547; 만들/VV#97548; 는/ETM#97549; 엄하/VA#97550; ㄴ/ETM#97551; 가정/NNG#97552; 교육/NNG#97553; 을/JKO#97554; 하/VV#97555; 지/EC#97556; 않/VX#97557; 고/EC#97558; 그저/MAG#97559; 좋/VA#97560; 은/ETM#97561; 대학/NNG#97562; 에/JKB#97563; 들어가/VV#97564; ㄹ/ETM#97565; 수/NNB#97566; 있/VV#97567; 게/EC#97568; 시험/NNG#97569; 공부/NNG#97570; 만/JX#97571; 시키/VV#97572; 어/EC#97573; 주/VX#97574; 기/ETN#97575; 를/JKO#97576; 바라/VV#97577; 기/ETN#97578; 때문/NNB#97579; 에/JKB#97580; 예절/NNG#97581; 도/JX#97582; 모르/VV#97583; 는/ETM#97584; 이기/NNG#97585; 적/XSN#97586; 이/VCP#97587; ㄴ/ETM#97588; 인간군/NNG#97589; 을/JKO#97590; 양산/NNG#97591; 하/XSV#97592; 고/EC#97593; 있/VX#97594; 는/ETM#97595; 것/NNB#97596; 이/VCP#97597; 다/EF#97598; ./SF#97599
23656	3235	Seed	마저/JX#97545	writing-device	Others	POS	None	None		가정/NNG#97543; 에서/JKB#97544		TRUE	임 교수도 지적했듯이 어려운 시대를 살아온 부모세대들이 {내 자식만큼은 고생을 안 시키겠다}는 보상심리로 가정에서마저 사람을 만드는 엄한 가정교육을 하지 않고 그저 좋은 대학에 들어갈 수 있게 시험공부만 시켜주기를 바라기 때문에 예절도 모르는 이기적인 인간군을 양산하고 있는 것이다.	임/NNP#97509; 교수/NNG#97510; 도/JX#97511; 지적/NNG#97512; 하/XSV#97513; 았/EP#97514; 듯이/EC#97515; 어렵/VA#97516; ㄴ/ETM#97517; 시대/NNG#97518; 를/JKO#97519; 살아오/VV#97520; ㄴ/ETM#97521; 부모/NNG#97522; 세대/NNG#97523; 들/XSN#97524; 이/JKS#97525; {/SS#97526; 나/NP#97527; 의/JKG#97528; 자식/NNG#97529; 만큼/JX#97530; 은/JX#97531; 고생/NNG#97532; 을/JKO#97533; 안/MAG#97534; 시키/VV#97535; 겠/EP#97536; 다/EC#97537; }/SS#97538; 는/ETM#97539; 보상/NNG#97540; 심리/NNG#97541; 로/JKB#97542; 가정/NNG#97543; 에서/JKB#97544; 마저/JX#97545; 사람/NNG#97546; 을/JKO#97547; 만들/VV#97548; 는/ETM#97549; 엄하/VA#97550; ㄴ/ETM#97551; 가정/NNG#97552; 교육/NNG#97553; 을/JKO#97554; 하/VV#97555; 지/EC#97556; 않/VX#97557; 고/EC#97558; 그저/MAG#97559; 좋/VA#97560; 은/ETM#97561; 대학/NNG#97562; 에/JKB#97563; 들어가/VV#97564; ㄹ/ETM#97565; 수/NNB#97566; 있/VV#97567; 게/EC#97568; 시험/NNG#97569; 공부/NNG#97570; 만/JX#97571; 시키/VV#97572; 어/EC#97573; 주/VX#97574; 기/ETN#97575; 를/JKO#97576; 바라/VV#97577; 기/ETN#97578; 때문/NNB#97579; 에/JKB#97580; 예절/NNG#97581; 도/JX#97582; 모르/VV#97583; 는/ETM#97584; 이기/NNG#97585; 적/XSN#97586; 이/VCP#97587; ㄴ/ETM#97588; 인간군/NNG#97589; 을/JKO#97590; 양산/NNG#97591; 하/XSV#97592; 고/EC#97593; 있/VX#97594; 는/ETM#97595; 것/NNB#97596; 이/VCP#97597; 다/EF#97598; ./SF#97599
23657	3235	Seed	겠/EP#97536	writing-device	Intention	POS	None	None	어렵/VA#97516; ㄴ/ETM#97517; 시대/NNG#97518; 를/JKO#97519; 살아오/VV#97520; ㄴ/ETM#97521; 부모/NNG#97522; 세대/NNG#97523; 들/XSN#97524	나/NP#97527; 의/JKG#97528; 자식/NNG#97529; 만큼/JX#97530; 은/JX#97531; 고생/NNG#97532; 을/JKO#97533; 안/MAG#97534; 시키/VV#97535		TRUE	임 교수도 지적했듯이 어려운 시대를 살아온 부모세대들이 {내 자식만큼은 고생을 안 시키겠다}는 보상심리로 가정에서마저 사람을 만드는 엄한 가정교육을 하지 않고 그저 좋은 대학에 들어갈 수 있게 시험공부만 시켜주기를 바라기 때문에 예절도 모르는 이기적인 인간군을 양산하고 있는 것이다.	임/NNP#97509; 교수/NNG#97510; 도/JX#97511; 지적/NNG#97512; 하/XSV#97513; 았/EP#97514; 듯이/EC#97515; 어렵/VA#97516; ㄴ/ETM#97517; 시대/NNG#97518; 를/JKO#97519; 살아오/VV#97520; ㄴ/ETM#97521; 부모/NNG#97522; 세대/NNG#97523; 들/XSN#97524; 이/JKS#97525; {/SS#97526; 나/NP#97527; 의/JKG#97528; 자식/NNG#97529; 만큼/JX#97530; 은/JX#97531; 고생/NNG#97532; 을/JKO#97533; 안/MAG#97534; 시키/VV#97535; 겠/EP#97536; 다/EC#97537; }/SS#97538; 는/ETM#97539; 보상/NNG#97540; 심리/NNG#97541; 로/JKB#97542; 가정/NNG#97543; 에서/JKB#97544; 마저/JX#97545; 사람/NNG#97546; 을/JKO#97547; 만들/VV#97548; 는/ETM#97549; 엄하/VA#97550; ㄴ/ETM#97551; 가정/NNG#97552; 교육/NNG#97553; 을/JKO#97554; 하/VV#97555; 지/EC#97556; 않/VX#97557; 고/EC#97558; 그저/MAG#97559; 좋/VA#97560; 은/ETM#97561; 대학/NNG#97562; 에/JKB#97563; 들어가/VV#97564; ㄹ/ETM#97565; 수/NNB#97566; 있/VV#97567; 게/EC#97568; 시험/NNG#97569; 공부/NNG#97570; 만/JX#97571; 시키/VV#97572; 어/EC#97573; 주/VX#97574; 기/ETN#97575; 를/JKO#97576; 바라/VV#97577; 기/ETN#97578; 때문/NNB#97579; 에/JKB#97580; 예절/NNG#97581; 도/JX#97582; 모르/VV#97583; 는/ETM#97584; 이기/NNG#97585; 적/XSN#97586; 이/VCP#97587; ㄴ/ETM#97588; 인간군/NNG#97589; 을/JKO#97590; 양산/NNG#97591; 하/XSV#97592; 고/EC#97593; 있/VX#97594; 는/ETM#97595; 것/NNB#97596; 이/VCP#97597; 다/EF#97598; ./SF#97599
23658	3235	Seed	고생/NNG#97532; 을/JKO#97533; 안/MAG#97534; 시키/VV#97535	dir-explicit	Judgment	POS	POS	Medium	어렵/VA#97516; ㄴ/ETM#97517; 시대/NNG#97518; 를/JKO#97519; 살아오/VV#97520; ㄴ/ETM#97521; 부모/NNG#97522; 세대/NNG#97523	나/NP#97527; 의/JKG#97528; 자식/NNG#97529		TRUE	임 교수도 지적했듯이 어려운 시대를 살아온 부모세대들이 {내 자식만큼은 고생을 안 시키겠다}는 보상심리로 가정에서마저 사람을 만드는 엄한 가정교육을 하지 않고 그저 좋은 대학에 들어갈 수 있게 시험공부만 시켜주기를 바라기 때문에 예절도 모르는 이기적인 인간군을 양산하고 있는 것이다.	임/NNP#97509; 교수/NNG#97510; 도/JX#97511; 지적/NNG#97512; 하/XSV#97513; 았/EP#97514; 듯이/EC#97515; 어렵/VA#97516; ㄴ/ETM#97517; 시대/NNG#97518; 를/JKO#97519; 살아오/VV#97520; ㄴ/ETM#97521; 부모/NNG#97522; 세대/NNG#97523; 들/XSN#97524; 이/JKS#97525; {/SS#97526; 나/NP#97527; 의/JKG#97528; 자식/NNG#97529; 만큼/JX#97530; 은/JX#97531; 고생/NNG#97532; 을/JKO#97533; 안/MAG#97534; 시키/VV#97535; 겠/EP#97536; 다/EC#97537; }/SS#97538; 는/ETM#97539; 보상/NNG#97540; 심리/NNG#97541; 로/JKB#97542; 가정/NNG#97543; 에서/JKB#97544; 마저/JX#97545; 사람/NNG#97546; 을/JKO#97547; 만들/VV#97548; 는/ETM#97549; 엄하/VA#97550; ㄴ/ETM#97551; 가정/NNG#97552; 교육/NNG#97553; 을/JKO#97554; 하/VV#97555; 지/EC#97556; 않/VX#97557; 고/EC#97558; 그저/MAG#97559; 좋/VA#97560; 은/ETM#97561; 대학/NNG#97562; 에/JKB#97563; 들어가/VV#97564; ㄹ/ETM#97565; 수/NNB#97566; 있/VV#97567; 게/EC#97568; 시험/NNG#97569; 공부/NNG#97570; 만/JX#97571; 시키/VV#97572; 어/EC#97573; 주/VX#97574; 기/ETN#97575; 를/JKO#97576; 바라/VV#97577; 기/ETN#97578; 때문/NNB#97579; 에/JKB#97580; 예절/NNG#97581; 도/JX#97582; 모르/VV#97583; 는/ETM#97584; 이기/NNG#97585; 적/XSN#97586; 이/VCP#97587; ㄴ/ETM#97588; 인간군/NNG#97589; 을/JKO#97590; 양산/NNG#97591; 하/XSV#97592; 고/EC#97593; 있/VX#97594; 는/ETM#97595; 것/NNB#97596; 이/VCP#97597; 다/EF#97598; ./SF#97599
23659	3235	Seed	만큼/JX#97530; 은/JX#97531	writing-device	Others	POS	None	None	어렵/VA#97516; ㄴ/ETM#97517; 시대/NNG#97518; 를/JKO#97519; 살아오/VV#97520; ㄴ/ETM#97521; 부모/NNG#97522; 세대/NNG#97523	나/NP#97527; 의/JKG#97528; 자식/NNG#97529		TRUE	임 교수도 지적했듯이 어려운 시대를 살아온 부모세대들이 {내 자식만큼은 고생을 안 시키겠다}는 보상심리로 가정에서마저 사람을 만드는 엄한 가정교육을 하지 않고 그저 좋은 대학에 들어갈 수 있게 시험공부만 시켜주기를 바라기 때문에 예절도 모르는 이기적인 인간군을 양산하고 있는 것이다.	임/NNP#97509; 교수/NNG#97510; 도/JX#97511; 지적/NNG#97512; 하/XSV#97513; 았/EP#97514; 듯이/EC#97515; 어렵/VA#97516; ㄴ/ETM#97517; 시대/NNG#97518; 를/JKO#97519; 살아오/VV#97520; ㄴ/ETM#97521; 부모/NNG#97522; 세대/NNG#97523; 들/XSN#97524; 이/JKS#97525; {/SS#97526; 나/NP#97527; 의/JKG#97528; 자식/NNG#97529; 만큼/JX#97530; 은/JX#97531; 고생/NNG#97532; 을/JKO#97533; 안/MAG#97534; 시키/VV#97535; 겠/EP#97536; 다/EC#97537; }/SS#97538; 는/ETM#97539; 보상/NNG#97540; 심리/NNG#97541; 로/JKB#97542; 가정/NNG#97543; 에서/JKB#97544; 마저/JX#97545; 사람/NNG#97546; 을/JKO#97547; 만들/VV#97548; 는/ETM#97549; 엄하/VA#97550; ㄴ/ETM#97551; 가정/NNG#97552; 교육/NNG#97553; 을/JKO#97554; 하/VV#97555; 지/EC#97556; 않/VX#97557; 고/EC#97558; 그저/MAG#97559; 좋/VA#97560; 은/ETM#97561; 대학/NNG#97562; 에/JKB#97563; 들어가/VV#97564; ㄹ/ETM#97565; 수/NNB#97566; 있/VV#97567; 게/EC#97568; 시험/NNG#97569; 공부/NNG#97570; 만/JX#97571; 시키/VV#97572; 어/EC#97573; 주/VX#97574; 기/ETN#97575; 를/JKO#97576; 바라/VV#97577; 기/ETN#97578; 때문/NNB#97579; 에/JKB#97580; 예절/NNG#97581; 도/JX#97582; 모르/VV#97583; 는/ETM#97584; 이기/NNG#97585; 적/XSN#97586; 이/VCP#97587; ㄴ/ETM#97588; 인간군/NNG#97589; 을/JKO#97590; 양산/NNG#97591; 하/XSV#97592; 고/EC#97593; 있/VX#97594; 는/ETM#97595; 것/NNB#97596; 이/VCP#97597; 다/EF#97598; ./SF#97599
23660	3235	Seed	그저/MAG#97559	writing-device	Others	POS	None	None				TRUE	임 교수도 지적했듯이 어려운 시대를 살아온 부모세대들이 {내 자식만큼은 고생을 안 시키겠다}는 보상심리로 가정에서마저 사람을 만드는 엄한 가정교육을 하지 않고 그저 좋은 대학에 들어갈 수 있게 시험공부만 시켜주기를 바라기 때문에 예절도 모르는 이기적인 인간군을 양산하고 있는 것이다.	임/NNP#97509; 교수/NNG#97510; 도/JX#97511; 지적/NNG#97512; 하/XSV#97513; 았/EP#97514; 듯이/EC#97515; 어렵/VA#97516; ㄴ/ETM#97517; 시대/NNG#97518; 를/JKO#97519; 살아오/VV#97520; ㄴ/ETM#97521; 부모/NNG#97522; 세대/NNG#97523; 들/XSN#97524; 이/JKS#97525; {/SS#97526; 나/NP#97527; 의/JKG#97528; 자식/NNG#97529; 만큼/JX#97530; 은/JX#97531; 고생/NNG#97532; 을/JKO#97533; 안/MAG#97534; 시키/VV#97535; 겠/EP#97536; 다/EC#97537; }/SS#97538; 는/ETM#97539; 보상/NNG#97540; 심리/NNG#97541; 로/JKB#97542; 가정/NNG#97543; 에서/JKB#97544; 마저/JX#97545; 사람/NNG#97546; 을/JKO#97547; 만들/VV#97548; 는/ETM#97549; 엄하/VA#97550; ㄴ/ETM#97551; 가정/NNG#97552; 교육/NNG#97553; 을/JKO#97554; 하/VV#97555; 지/EC#97556; 않/VX#97557; 고/EC#97558; 그저/MAG#97559; 좋/VA#97560; 은/ETM#97561; 대학/NNG#97562; 에/JKB#97563; 들어가/VV#97564; ㄹ/ETM#97565; 수/NNB#97566; 있/VV#97567; 게/EC#97568; 시험/NNG#97569; 공부/NNG#97570; 만/JX#97571; 시키/VV#97572; 어/EC#97573; 주/VX#97574; 기/ETN#97575; 를/JKO#97576; 바라/VV#97577; 기/ETN#97578; 때문/NNB#97579; 에/JKB#97580; 예절/NNG#97581; 도/JX#97582; 모르/VV#97583; 는/ETM#97584; 이기/NNG#97585; 적/XSN#97586; 이/VCP#97587; ㄴ/ETM#97588; 인간군/NNG#97589; 을/JKO#97590; 양산/NNG#97591; 하/XSV#97592; 고/EC#97593; 있/VX#97594; 는/ETM#97595; 것/NNB#97596; 이/VCP#97597; 다/EF#97598; ./SF#97599
23661	3235	Seed	바라/VV#97577	indirect	Intention	POS	POS	Medium	어렵/VA#97516; ㄴ/ETM#97517; 시대/NNG#97518; 를/JKO#97519; 살아오/VV#97520; ㄴ/ETM#97521; 부모/NNG#97522; 세대/NNG#97523; 들/XSN#97524	좋/VA#97560; 은/ETM#97561; 대학/NNG#97562; 에/JKB#97563; 들어가/VV#97564; ㄹ/ETM#97565; 수/NNB#97566; 있/VV#97567; 게/EC#97568; 시험/NNG#97569; 공부/NNG#97570; 만/JX#97571; 시키/VV#97572; 어/EC#97573; 주/VX#97574		TRUE	임 교수도 지적했듯이 어려운 시대를 살아온 부모세대들이 {내 자식만큼은 고생을 안 시키겠다}는 보상심리로 가정에서마저 사람을 만드는 엄한 가정교육을 하지 않고 그저 좋은 대학에 들어갈 수 있게 시험공부만 시켜주기를 바라기 때문에 예절도 모르는 이기적인 인간군을 양산하고 있는 것이다.	임/NNP#97509; 교수/NNG#97510; 도/JX#97511; 지적/NNG#97512; 하/XSV#97513; 았/EP#97514; 듯이/EC#97515; 어렵/VA#97516; ㄴ/ETM#97517; 시대/NNG#97518; 를/JKO#97519; 살아오/VV#97520; ㄴ/ETM#97521; 부모/NNG#97522; 세대/NNG#97523; 들/XSN#97524; 이/JKS#97525; {/SS#97526; 나/NP#97527; 의/JKG#97528; 자식/NNG#97529; 만큼/JX#97530; 은/JX#97531; 고생/NNG#97532; 을/JKO#97533; 안/MAG#97534; 시키/VV#97535; 겠/EP#97536; 다/EC#97537; }/SS#97538; 는/ETM#97539; 보상/NNG#97540; 심리/NNG#97541; 로/JKB#97542; 가정/NNG#97543; 에서/JKB#97544; 마저/JX#97545; 사람/NNG#97546; 을/JKO#97547; 만들/VV#97548; 는/ETM#97549; 엄하/VA#97550; ㄴ/ETM#97551; 가정/NNG#97552; 교육/NNG#97553; 을/JKO#97554; 하/VV#97555; 지/EC#97556; 않/VX#97557; 고/EC#97558; 그저/MAG#97559; 좋/VA#97560; 은/ETM#97561; 대학/NNG#97562; 에/JKB#97563; 들어가/VV#97564; ㄹ/ETM#97565; 수/NNB#97566; 있/VV#97567; 게/EC#97568; 시험/NNG#97569; 공부/NNG#97570; 만/JX#97571; 시키/VV#97572; 어/EC#97573; 주/VX#97574; 기/ETN#97575; 를/JKO#97576; 바라/VV#97577; 기/ETN#97578; 때문/NNB#97579; 에/JKB#97580; 예절/NNG#97581; 도/JX#97582; 모르/VV#97583; 는/ETM#97584; 이기/NNG#97585; 적/XSN#97586; 이/VCP#97587; ㄴ/ETM#97588; 인간군/NNG#97589; 을/JKO#97590; 양산/NNG#97591; 하/XSV#97592; 고/EC#97593; 있/VX#97594; 는/ETM#97595; 것/NNB#97596; 이/VCP#97597; 다/EF#97598; ./SF#97599
23662	3235	Seed	좋/VA#97560	indirect	Judgment	POS	POS	Medium	Out	대학/NNG#97562		TRUE	임 교수도 지적했듯이 어려운 시대를 살아온 부모세대들이 {내 자식만큼은 고생을 안 시키겠다}는 보상심리로 가정에서마저 사람을 만드는 엄한 가정교육을 하지 않고 그저 좋은 대학에 들어갈 수 있게 시험공부만 시켜주기를 바라기 때문에 예절도 모르는 이기적인 인간군을 양산하고 있는 것이다.	임/NNP#97509; 교수/NNG#97510; 도/JX#97511; 지적/NNG#97512; 하/XSV#97513; 았/EP#97514; 듯이/EC#97515; 어렵/VA#97516; ㄴ/ETM#97517; 시대/NNG#97518; 를/JKO#97519; 살아오/VV#97520; ㄴ/ETM#97521; 부모/NNG#97522; 세대/NNG#97523; 들/XSN#97524; 이/JKS#97525; {/SS#97526; 나/NP#97527; 의/JKG#97528; 자식/NNG#97529; 만큼/JX#97530; 은/JX#97531; 고생/NNG#97532; 을/JKO#97533; 안/MAG#97534; 시키/VV#97535; 겠/EP#97536; 다/EC#97537; }/SS#97538; 는/ETM#97539; 보상/NNG#97540; 심리/NNG#97541; 로/JKB#97542; 가정/NNG#97543; 에서/JKB#97544; 마저/JX#97545; 사람/NNG#97546; 을/JKO#97547; 만들/VV#97548; 는/ETM#97549; 엄하/VA#97550; ㄴ/ETM#97551; 가정/NNG#97552; 교육/NNG#97553; 을/JKO#97554; 하/VV#97555; 지/EC#97556; 않/VX#97557; 고/EC#97558; 그저/MAG#97559; 좋/VA#97560; 은/ETM#97561; 대학/NNG#97562; 에/JKB#97563; 들어가/VV#97564; ㄹ/ETM#97565; 수/NNB#97566; 있/VV#97567; 게/EC#97568; 시험/NNG#97569; 공부/NNG#97570; 만/JX#97571; 시키/VV#97572; 어/EC#97573; 주/VX#97574; 기/ETN#97575; 를/JKO#97576; 바라/VV#97577; 기/ETN#97578; 때문/NNB#97579; 에/JKB#97580; 예절/NNG#97581; 도/JX#97582; 모르/VV#97583; 는/ETM#97584; 이기/NNG#97585; 적/XSN#97586; 이/VCP#97587; ㄴ/ETM#97588; 인간군/NNG#97589; 을/JKO#97590; 양산/NNG#97591; 하/XSV#97592; 고/EC#97593; 있/VX#97594; 는/ETM#97595; 것/NNB#97596; 이/VCP#97597; 다/EF#97598; ./SF#97599
23663	3235	Seed	ㄹ/ETM#97565; 수/NNB#97566; 있/VV#97567	writing-device	Others	POS	None	None	어렵/VA#97516; ㄴ/ETM#97517; 시대/NNG#97518; 를/JKO#97519; 살아오/VV#97520; ㄴ/ETM#97521; 부모/NNG#97522; 세대/NNG#97523	좋/VA#97560; 은/ETM#97561; 대학/NNG#97562; 에/JKB#97563; 들어가/VV#97564		TRUE	임 교수도 지적했듯이 어려운 시대를 살아온 부모세대들이 {내 자식만큼은 고생을 안 시키겠다}는 보상심리로 가정에서마저 사람을 만드는 엄한 가정교육을 하지 않고 그저 좋은 대학에 들어갈 수 있게 시험공부만 시켜주기를 바라기 때문에 예절도 모르는 이기적인 인간군을 양산하고 있는 것이다.	임/NNP#97509; 교수/NNG#97510; 도/JX#97511; 지적/NNG#97512; 하/XSV#97513; 았/EP#97514; 듯이/EC#97515; 어렵/VA#97516; ㄴ/ETM#97517; 시대/NNG#97518; 를/JKO#97519; 살아오/VV#97520; ㄴ/ETM#97521; 부모/NNG#97522; 세대/NNG#97523; 들/XSN#97524; 이/JKS#97525; {/SS#97526; 나/NP#97527; 의/JKG#97528; 자식/NNG#97529; 만큼/JX#97530; 은/JX#97531; 고생/NNG#97532; 을/JKO#97533; 안/MAG#97534; 시키/VV#97535; 겠/EP#97536; 다/EC#97537; }/SS#97538; 는/ETM#97539; 보상/NNG#97540; 심리/NNG#97541; 로/JKB#97542; 가정/NNG#97543; 에서/JKB#97544; 마저/JX#97545; 사람/NNG#97546; 을/JKO#97547; 만들/VV#97548; 는/ETM#97549; 엄하/VA#97550; ㄴ/ETM#97551; 가정/NNG#97552; 교육/NNG#97553; 을/JKO#97554; 하/VV#97555; 지/EC#97556; 않/VX#97557; 고/EC#97558; 그저/MAG#97559; 좋/VA#97560; 은/ETM#97561; 대학/NNG#97562; 에/JKB#97563; 들어가/VV#97564; ㄹ/ETM#97565; 수/NNB#97566; 있/VV#97567; 게/EC#97568; 시험/NNG#97569; 공부/NNG#97570; 만/JX#97571; 시키/VV#97572; 어/EC#97573; 주/VX#97574; 기/ETN#97575; 를/JKO#97576; 바라/VV#97577; 기/ETN#97578; 때문/NNB#97579; 에/JKB#97580; 예절/NNG#97581; 도/JX#97582; 모르/VV#97583; 는/ETM#97584; 이기/NNG#97585; 적/XSN#97586; 이/VCP#97587; ㄴ/ETM#97588; 인간군/NNG#97589; 을/JKO#97590; 양산/NNG#97591; 하/XSV#97592; 고/EC#97593; 있/VX#97594; 는/ETM#97595; 것/NNB#97596; 이/VCP#97597; 다/EF#97598; ./SF#97599
23664	3235	Seed	예절/NNG#97581; 도/JX#97582; 모르/VV#97583	indirect	Judgment	NEG	NEG	Medium		인간군/NNG#97589		TRUE	임 교수도 지적했듯이 어려운 시대를 살아온 부모세대들이 {내 자식만큼은 고생을 안 시키겠다}는 보상심리로 가정에서마저 사람을 만드는 엄한 가정교육을 하지 않고 그저 좋은 대학에 들어갈 수 있게 시험공부만 시켜주기를 바라기 때문에 예절도 모르는 이기적인 인간군을 양산하고 있는 것이다.	임/NNP#97509; 교수/NNG#97510; 도/JX#97511; 지적/NNG#97512; 하/XSV#97513; 았/EP#97514; 듯이/EC#97515; 어렵/VA#97516; ㄴ/ETM#97517; 시대/NNG#97518; 를/JKO#97519; 살아오/VV#97520; ㄴ/ETM#97521; 부모/NNG#97522; 세대/NNG#97523; 들/XSN#97524; 이/JKS#97525; {/SS#97526; 나/NP#97527; 의/JKG#97528; 자식/NNG#97529; 만큼/JX#97530; 은/JX#97531; 고생/NNG#97532; 을/JKO#97533; 안/MAG#97534; 시키/VV#97535; 겠/EP#97536; 다/EC#97537; }/SS#97538; 는/ETM#97539; 보상/NNG#97540; 심리/NNG#97541; 로/JKB#97542; 가정/NNG#97543; 에서/JKB#97544; 마저/JX#97545; 사람/NNG#97546; 을/JKO#97547; 만들/VV#97548; 는/ETM#97549; 엄하/VA#97550; ㄴ/ETM#97551; 가정/NNG#97552; 교육/NNG#97553; 을/JKO#97554; 하/VV#97555; 지/EC#97556; 않/VX#97557; 고/EC#97558; 그저/MAG#97559; 좋/VA#97560; 은/ETM#97561; 대학/NNG#97562; 에/JKB#97563; 들어가/VV#97564; ㄹ/ETM#97565; 수/NNB#97566; 있/VV#97567; 게/EC#97568; 시험/NNG#97569; 공부/NNG#97570; 만/JX#97571; 시키/VV#97572; 어/EC#97573; 주/VX#97574; 기/ETN#97575; 를/JKO#97576; 바라/VV#97577; 기/ETN#97578; 때문/NNB#97579; 에/JKB#97580; 예절/NNG#97581; 도/JX#97582; 모르/VV#97583; 는/ETM#97584; 이기/NNG#97585; 적/XSN#97586; 이/VCP#97587; ㄴ/ETM#97588; 인간군/NNG#97589; 을/JKO#97590; 양산/NNG#97591; 하/XSV#97592; 고/EC#97593; 있/VX#97594; 는/ETM#97595; 것/NNB#97596; 이/VCP#97597; 다/EF#97598; ./SF#97599
23665	3235	Seed	이기/NNG#97585; 적/XSN#97586; 이/VCP#97587	indirect	Judgment	NEG	NEG	Medium		인간군/NNG#97589		TRUE	임 교수도 지적했듯이 어려운 시대를 살아온 부모세대들이 {내 자식만큼은 고생을 안 시키겠다}는 보상심리로 가정에서마저 사람을 만드는 엄한 가정교육을 하지 않고 그저 좋은 대학에 들어갈 수 있게 시험공부만 시켜주기를 바라기 때문에 예절도 모르는 이기적인 인간군을 양산하고 있는 것이다.	임/NNP#97509; 교수/NNG#97510; 도/JX#97511; 지적/NNG#97512; 하/XSV#97513; 았/EP#97514; 듯이/EC#97515; 어렵/VA#97516; ㄴ/ETM#97517; 시대/NNG#97518; 를/JKO#97519; 살아오/VV#97520; ㄴ/ETM#97521; 부모/NNG#97522; 세대/NNG#97523; 들/XSN#97524; 이/JKS#97525; {/SS#97526; 나/NP#97527; 의/JKG#97528; 자식/NNG#97529; 만큼/JX#97530; 은/JX#97531; 고생/NNG#97532; 을/JKO#97533; 안/MAG#97534; 시키/VV#97535; 겠/EP#97536; 다/EC#97537; }/SS#97538; 는/ETM#97539; 보상/NNG#97540; 심리/NNG#97541; 로/JKB#97542; 가정/NNG#97543; 에서/JKB#97544; 마저/JX#97545; 사람/NNG#97546; 을/JKO#97547; 만들/VV#97548; 는/ETM#97549; 엄하/VA#97550; ㄴ/ETM#97551; 가정/NNG#97552; 교육/NNG#97553; 을/JKO#97554; 하/VV#97555; 지/EC#97556; 않/VX#97557; 고/EC#97558; 그저/MAG#97559; 좋/VA#97560; 은/ETM#97561; 대학/NNG#97562; 에/JKB#97563; 들어가/VV#97564; ㄹ/ETM#97565; 수/NNB#97566; 있/VV#97567; 게/EC#97568; 시험/NNG#97569; 공부/NNG#97570; 만/JX#97571; 시키/VV#97572; 어/EC#97573; 주/VX#97574; 기/ETN#97575; 를/JKO#97576; 바라/VV#97577; 기/ETN#97578; 때문/NNB#97579; 에/JKB#97580; 예절/NNG#97581; 도/JX#97582; 모르/VV#97583; 는/ETM#97584; 이기/NNG#97585; 적/XSN#97586; 이/VCP#97587; ㄴ/ETM#97588; 인간군/NNG#97589; 을/JKO#97590; 양산/NNG#97591; 하/XSV#97592; 고/EC#97593; 있/VX#97594; 는/ETM#97595; 것/NNB#97596; 이/VCP#97597; 다/EF#97598; ./SF#97599
23666	3235	Seed	는/ETM#97595; 것/NNB#97596; 이/VCP#97597	writing-device	Others	POS	None	None				TRUE	임 교수도 지적했듯이 어려운 시대를 살아온 부모세대들이 {내 자식만큼은 고생을 안 시키겠다}는 보상심리로 가정에서마저 사람을 만드는 엄한 가정교육을 하지 않고 그저 좋은 대학에 들어갈 수 있게 시험공부만 시켜주기를 바라기 때문에 예절도 모르는 이기적인 인간군을 양산하고 있는 것이다.	임/NNP#97509; 교수/NNG#97510; 도/JX#97511; 지적/NNG#97512; 하/XSV#97513; 았/EP#97514; 듯이/EC#97515; 어렵/VA#97516; ㄴ/ETM#97517; 시대/NNG#97518; 를/JKO#97519; 살아오/VV#97520; ㄴ/ETM#97521; 부모/NNG#97522; 세대/NNG#97523; 들/XSN#97524; 이/JKS#97525; {/SS#97526; 나/NP#97527; 의/JKG#97528; 자식/NNG#97529; 만큼/JX#97530; 은/JX#97531; 고생/NNG#97532; 을/JKO#97533; 안/MAG#97534; 시키/VV#97535; 겠/EP#97536; 다/EC#97537; }/SS#97538; 는/ETM#97539; 보상/NNG#97540; 심리/NNG#97541; 로/JKB#97542; 가정/NNG#97543; 에서/JKB#97544; 마저/JX#97545; 사람/NNG#97546; 을/JKO#97547; 만들/VV#97548; 는/ETM#97549; 엄하/VA#97550; ㄴ/ETM#97551; 가정/NNG#97552; 교육/NNG#97553; 을/JKO#97554; 하/VV#97555; 지/EC#97556; 않/VX#97557; 고/EC#97558; 그저/MAG#97559; 좋/VA#97560; 은/ETM#97561; 대학/NNG#97562; 에/JKB#97563; 들어가/VV#97564; ㄹ/ETM#97565; 수/NNB#97566; 있/VV#97567; 게/EC#97568; 시험/NNG#97569; 공부/NNG#97570; 만/JX#97571; 시키/VV#97572; 어/EC#97573; 주/VX#97574; 기/ETN#97575; 를/JKO#97576; 바라/VV#97577; 기/ETN#97578; 때문/NNB#97579; 에/JKB#97580; 예절/NNG#97581; 도/JX#97582; 모르/VV#97583; 는/ETM#97584; 이기/NNG#97585; 적/XSN#97586; 이/VCP#97587; ㄴ/ETM#97588; 인간군/NNG#97589; 을/JKO#97590; 양산/NNG#97591; 하/XSV#97592; 고/EC#97593; 있/VX#97594; 는/ETM#97595; 것/NNB#97596; 이/VCP#97597; 다/EF#97598; ./SF#97599
23493	3236	SubjTag					NEG	Medium				TRUE	또 사회와 대학도 일단의 책임이 있기는 마찬가지다.	또/MAG#97600; 사회/NNG#97601; 와/JC#97602; 대학/NNG#97603; 도/JX#97604; 일단/NNG#97605; 의/JKG#97606; 책임/NNG#97607; 이/JKS#97608; 있/VV#97609; 기/ETN#97610; 는/JX#97611; 마찬가지/NNG#97612; 이/VCP#97613; 다/EF#97614; ./SF#97615
23667	3236	Seed	또/MAG#97600	writing-device	Others	POS	None	None				TRUE	또 사회와 대학도 일단의 책임이 있기는 마찬가지다.	또/MAG#97600; 사회/NNG#97601; 와/JC#97602; 대학/NNG#97603; 도/JX#97604; 일단/NNG#97605; 의/JKG#97606; 책임/NNG#97607; 이/JKS#97608; 있/VV#97609; 기/ETN#97610; 는/JX#97611; 마찬가지/NNG#97612; 이/VCP#97613; 다/EF#97614; ./SF#97615
23668	3236	Seed	일단/NNG#97605; 의/JKG#97606; 책임/NNG#97607; 이/JKS#97608; 있/VV#97609	dir-explicit	Judgment	NEG	NEG	Medium		사회/NNG#97601; 와/JC#97602; 대학/NNG#97603		TRUE	또 사회와 대학도 일단의 책임이 있기는 마찬가지다.	또/MAG#97600; 사회/NNG#97601; 와/JC#97602; 대학/NNG#97603; 도/JX#97604; 일단/NNG#97605; 의/JKG#97606; 책임/NNG#97607; 이/JKS#97608; 있/VV#97609; 기/ETN#97610; 는/JX#97611; 마찬가지/NNG#97612; 이/VCP#97613; 다/EF#97614; ./SF#97615
23669	3236	Seed	기/ETN#97610; 는/JX#97611; 마찬가지/NNG#97612; 이/VCP#97613	dir-explicit	Judgment	NEG	NEG	Low		사회/NNG#97601; 와/JC#97602; 대학/NNG#97603		TRUE	또 사회와 대학도 일단의 책임이 있기는 마찬가지다.	또/MAG#97600; 사회/NNG#97601; 와/JC#97602; 대학/NNG#97603; 도/JX#97604; 일단/NNG#97605; 의/JKG#97606; 책임/NNG#97607; 이/JKS#97608; 있/VV#97609; 기/ETN#97610; 는/JX#97611; 마찬가지/NNG#97612; 이/VCP#97613; 다/EF#97614; ./SF#97615
23494	3237	SubjTag					NEG	Medium				TRUE	대학생들의 잘못을 임 교수처럼 질타하고 나선 교수가 얼마나 있었던가.	대학생/NNG#97616; 들/XSN#97617; 의/JKG#97618; 잘못/NNG#97619; 을/JKO#97620; 임/NNP#97621; 교수/NNG#97622; 처럼/JKB#97623; 질타/NNG#97624; 하/XSV#97625; 고/EC#97626; 나서/VV#97627; ㄴ/ETM#97628; 교수/NNG#97629; 가/JKS#97630; 얼마나/MAG#97631; 있/VV#97632; 었/EP#97633; 던가/EF#97634; ./SF#97635
23670	3237	Seed	잘못/NNG#97619	indirect	Judgment	NEG	NEG	Medium		대학생/NNG#97616; 들/XSN#97617		TRUE	대학생들의 잘못을 임 교수처럼 질타하고 나선 교수가 얼마나 있었던가.	대학생/NNG#97616; 들/XSN#97617; 의/JKG#97618; 잘못/NNG#97619; 을/JKO#97620; 임/NNP#97621; 교수/NNG#97622; 처럼/JKB#97623; 질타/NNG#97624; 하/XSV#97625; 고/EC#97626; 나서/VV#97627; ㄴ/ETM#97628; 교수/NNG#97629; 가/JKS#97630; 얼마나/MAG#97631; 있/VV#97632; 었/EP#97633; 던가/EF#97634; ./SF#97635
23671	3237	Seed	질타/NNG#97624; 하/XSV#97625	indirect	Judgment	NEG	NEG	Medium	교수/NNG#97629	대학생/NNG#97616; 들/XSN#97617; 의/JKG#97618; 잘못/NNG#97619		TRUE	대학생들의 잘못을 임 교수처럼 질타하고 나선 교수가 얼마나 있었던가.	대학생/NNG#97616; 들/XSN#97617; 의/JKG#97618; 잘못/NNG#97619; 을/JKO#97620; 임/NNP#97621; 교수/NNG#97622; 처럼/JKB#97623; 질타/NNG#97624; 하/XSV#97625; 고/EC#97626; 나서/VV#97627; ㄴ/ETM#97628; 교수/NNG#97629; 가/JKS#97630; 얼마나/MAG#97631; 있/VV#97632; 었/EP#97633; 던가/EF#97634; ./SF#97635
23672	3237	Seed	얼마나/MAG#97631; 있/VV#97632; 었/EP#97633; 던가/EF#97634	dir-explicit	Judgment	NEG	NEG	Medium		대학생/NNG#97616; 들/XSN#97617; 의/JKG#97618; 잘못/NNG#97619; 을/JKO#97620; 임/NNP#97621; 교수/NNG#97622; 처럼/JKB#97623; 질타/NNG#97624; 하/XSV#97625; 고/EC#97626; 나서/VV#97627; ㄴ/ETM#97628; 교수/NNG#97629		TRUE	대학생들의 잘못을 임 교수처럼 질타하고 나선 교수가 얼마나 있었던가.	대학생/NNG#97616; 들/XSN#97617; 의/JKG#97618; 잘못/NNG#97619; 을/JKO#97620; 임/NNP#97621; 교수/NNG#97622; 처럼/JKB#97623; 질타/NNG#97624; 하/XSV#97625; 고/EC#97626; 나서/VV#97627; ㄴ/ETM#97628; 교수/NNG#97629; 가/JKS#97630; 얼마나/MAG#97631; 있/VV#97632; 었/EP#97633; 던가/EF#97634; ./SF#97635
23495	3238	SubjTag					NEG	Medium				TRUE	잘못하는 젊은 세대들을 나무라는 사회인들이 몇이나 있었던가.	잘못/MAG#97636; 하/VV#97637; 는/ETM#97638; 젊/VA#97639; 은/ETM#97640; 세대/NNG#97641; 들/XSN#97642; 을/JKO#97643; 나무라/VV#97644; 는/ETM#97645; 사회인/NNG#97646; 들/XSN#97647; 이/JKS#97648; 몇/NR#97649; 이나/JX#97650; 있/VV#97651; 었/EP#97652; 던가/EF#97653; ./SF#97654
23673	3238	Seed	잘못/MAG#97636; 하/VV#97637	indirect	Judgment	NEG	NEG	Medium		젊/VA#97639; 은/ETM#97640; 세대/NNG#97641; 들/XSN#97642		TRUE	잘못하는 젊은 세대들을 나무라는 사회인들이 몇이나 있었던가.	잘못/MAG#97636; 하/VV#97637; 는/ETM#97638; 젊/VA#97639; 은/ETM#97640; 세대/NNG#97641; 들/XSN#97642; 을/JKO#97643; 나무라/VV#97644; 는/ETM#97645; 사회인/NNG#97646; 들/XSN#97647; 이/JKS#97648; 몇/NR#97649; 이나/JX#97650; 있/VV#97651; 었/EP#97652; 던가/EF#97653; ./SF#97654
23674	3238	Seed	나무라/VV#97644	indirect	Judgment	NEG	NEG	Medium	사회인/NNG#97646; 들/XSN#97647	잘못/MAG#97636; 하/VV#97637; 는/ETM#97638; 젊/VA#97639; 은/ETM#97640; 세대/NNG#97641; 들/XSN#97642		TRUE	잘못하는 젊은 세대들을 나무라는 사회인들이 몇이나 있었던가.	잘못/MAG#97636; 하/VV#97637; 는/ETM#97638; 젊/VA#97639; 은/ETM#97640; 세대/NNG#97641; 들/XSN#97642; 을/JKO#97643; 나무라/VV#97644; 는/ETM#97645; 사회인/NNG#97646; 들/XSN#97647; 이/JKS#97648; 몇/NR#97649; 이나/JX#97650; 있/VV#97651; 었/EP#97652; 던가/EF#97653; ./SF#97654
23675	3238	Seed	몇/NR#97649; 이나/JX#97650; 있/VV#97651; 었/EP#97652; 던가/EF#97653	dir-explicit	Judgment	NEG	NEG	Medium		잘못/MAG#97636; 하/VV#97637; 는/ETM#97638; 젊/VA#97639; 은/ETM#97640; 세대/NNG#97641; 들/XSN#97642; 을/JKO#97643; 나무라/VV#97644; 는/ETM#97645; 사회인/NNG#97646; 들/XSN#97647		TRUE	잘못하는 젊은 세대들을 나무라는 사회인들이 몇이나 있었던가.	잘못/MAG#97636; 하/VV#97637; 는/ETM#97638; 젊/VA#97639; 은/ETM#97640; 세대/NNG#97641; 들/XSN#97642; 을/JKO#97643; 나무라/VV#97644; 는/ETM#97645; 사회인/NNG#97646; 들/XSN#97647; 이/JKS#97648; 몇/NR#97649; 이나/JX#97650; 있/VV#97651; 었/EP#97652; 던가/EF#97653; ./SF#97654
23496	3239	SubjTag					NEG	Medium				TRUE	학교와 가정과 대학과 사회 모두가 직무유기를 하다보니 무례하고 몰염치하며 공중도덕을 모른 채 성장하게 된 것이다.	학교/NNG#97655; 와/JC#97656; 가정/NNG#97657; 과/JC#97658; 대학/NNG#97659; 과/JC#97660; 사회/NNG#97661; 모두/NNG#97662; 가/JKS#97663; 직무/NNG#97664; 유기/NNG#97665; 를/JKO#97666; 하/VV#97667; 다/EC#97668; 보/VX#97669; 니/EC#97670; 무례/NNG#97671; 하/XSA#97672; 고/EC#97673; 몰염치/NNG#97674; 하/XSA#97675; 며/EC#97676; 공중/NNG#97677; 도덕/NNG#97678; 을/JKO#97679; 모르/VV#97680; ㄴ/ETM#97681; 채/NNB#97682; 성장/NNG#97683; 하/XSV#97684; 게/EC#97685; 되/VV#97686; ㄴ/ETM#97687; 것/NNB#97688; 이/VCP#97689; 다/EF#97690; ./SF#97691
23676	3239	Seed	직무/NNG#97664; 유기/NNG#97665; 를/JKO#97666; 하/VV#97667	indirect	Judgment	NEG	NEG	Medium		학교/NNG#97655; 와/JC#97656; 가정/NNG#97657; 과/JC#97658; 대학/NNG#97659; 과/JC#97660; 사회/NNG#97661; 모두/NNG#97662		TRUE	학교와 가정과 대학과 사회 모두가 직무유기를 하다보니 무례하고 몰염치하며 공중도덕을 모른 채 성장하게 된 것이다.	학교/NNG#97655; 와/JC#97656; 가정/NNG#97657; 과/JC#97658; 대학/NNG#97659; 과/JC#97660; 사회/NNG#97661; 모두/NNG#97662; 가/JKS#97663; 직무/NNG#97664; 유기/NNG#97665; 를/JKO#97666; 하/VV#97667; 다/EC#97668; 보/VX#97669; 니/EC#97670; 무례/NNG#97671; 하/XSA#97672; 고/EC#97673; 몰염치/NNG#97674; 하/XSA#97675; 며/EC#97676; 공중/NNG#97677; 도덕/NNG#97678; 을/JKO#97679; 모르/VV#97680; ㄴ/ETM#97681; 채/NNB#97682; 성장/NNG#97683; 하/XSV#97684; 게/EC#97685; 되/VV#97686; ㄴ/ETM#97687; 것/NNB#97688; 이/VCP#97689; 다/EF#97690; ./SF#97691
23677	3239	Seed	무례/NNG#97671; 하/XSA#97672	indirect	Judgment	NEG	NEG	Medium				TRUE	학교와 가정과 대학과 사회 모두가 직무유기를 하다보니 무례하고 몰염치하며 공중도덕을 모른 채 성장하게 된 것이다.	학교/NNG#97655; 와/JC#97656; 가정/NNG#97657; 과/JC#97658; 대학/NNG#97659; 과/JC#97660; 사회/NNG#97661; 모두/NNG#97662; 가/JKS#97663; 직무/NNG#97664; 유기/NNG#97665; 를/JKO#97666; 하/VV#97667; 다/EC#97668; 보/VX#97669; 니/EC#97670; 무례/NNG#97671; 하/XSA#97672; 고/EC#97673; 몰염치/NNG#97674; 하/XSA#97675; 며/EC#97676; 공중/NNG#97677; 도덕/NNG#97678; 을/JKO#97679; 모르/VV#97680; ㄴ/ETM#97681; 채/NNB#97682; 성장/NNG#97683; 하/XSV#97684; 게/EC#97685; 되/VV#97686; ㄴ/ETM#97687; 것/NNB#97688; 이/VCP#97689; 다/EF#97690; ./SF#97691
23678	3239	Seed	몰염치/NNG#97674; 하/XSA#97675	indirect	Judgment	NEG	NEG	Medium				TRUE	학교와 가정과 대학과 사회 모두가 직무유기를 하다보니 무례하고 몰염치하며 공중도덕을 모른 채 성장하게 된 것이다.	학교/NNG#97655; 와/JC#97656; 가정/NNG#97657; 과/JC#97658; 대학/NNG#97659; 과/JC#97660; 사회/NNG#97661; 모두/NNG#97662; 가/JKS#97663; 직무/NNG#97664; 유기/NNG#97665; 를/JKO#97666; 하/VV#97667; 다/EC#97668; 보/VX#97669; 니/EC#97670; 무례/NNG#97671; 하/XSA#97672; 고/EC#97673; 몰염치/NNG#97674; 하/XSA#97675; 며/EC#97676; 공중/NNG#97677; 도덕/NNG#97678; 을/JKO#97679; 모르/VV#97680; ㄴ/ETM#97681; 채/NNB#97682; 성장/NNG#97683; 하/XSV#97684; 게/EC#97685; 되/VV#97686; ㄴ/ETM#97687; 것/NNB#97688; 이/VCP#97689; 다/EF#97690; ./SF#97691
23679	3239	Seed	공중/NNG#97677; 도덕/NNG#97678; 을/JKO#97679; 모르/VV#97680	indirect	Judgment	NEG	NEG	Medium				TRUE	학교와 가정과 대학과 사회 모두가 직무유기를 하다보니 무례하고 몰염치하며 공중도덕을 모른 채 성장하게 된 것이다.	학교/NNG#97655; 와/JC#97656; 가정/NNG#97657; 과/JC#97658; 대학/NNG#97659; 과/JC#97660; 사회/NNG#97661; 모두/NNG#97662; 가/JKS#97663; 직무/NNG#97664; 유기/NNG#97665; 를/JKO#97666; 하/VV#97667; 다/EC#97668; 보/VX#97669; 니/EC#97670; 무례/NNG#97671; 하/XSA#97672; 고/EC#97673; 몰염치/NNG#97674; 하/XSA#97675; 며/EC#97676; 공중/NNG#97677; 도덕/NNG#97678; 을/JKO#97679; 모르/VV#97680; ㄴ/ETM#97681; 채/NNB#97682; 성장/NNG#97683; 하/XSV#97684; 게/EC#97685; 되/VV#97686; ㄴ/ETM#97687; 것/NNB#97688; 이/VCP#97689; 다/EF#97690; ./SF#97691
23497	3240	SubjTag					NEG	Low				TRUE	이를 바로 잡자면 모두 관심을 갖고 행동을 해야 한다.	이/NP#97692; 를/JKO#97693; 바로/MAG#97694; 잡/VV#97695; 자면/EC#97696; 모두/NNG#97697; 관심/NNG#97698; 을/JKO#97699; 갖/VV#97700; 고/EC#97701; 행동/NNG#97702; 을/JKO#97703; 하/VV#97704; 아야/EC#97705; 하/VX#97706; ㄴ다/EF#97707; ./SF#97708
23680	3240	Seed	바로/MAG#97694; 잡/VV#97695	indirect	Judgment	POS	POS	Medium				TRUE	이를 바로 잡자면 모두 관심을 갖고 행동을 해야 한다.	이/NP#97692; 를/JKO#97693; 바로/MAG#97694; 잡/VV#97695; 자면/EC#97696; 모두/NNG#97697; 관심/NNG#97698; 을/JKO#97699; 갖/VV#97700; 고/EC#97701; 행동/NNG#97702; 을/JKO#97703; 하/VV#97704; 아야/EC#97705; 하/VX#97706; ㄴ다/EF#97707; ./SF#97708
23681	3240	Seed	자면/EC#97696	writing-device	Others	POS	None	None		이/NP#97692; 를/JKO#97693; 바로/MAG#97694; 잡/VV#97695		TRUE	이를 바로 잡자면 모두 관심을 갖고 행동을 해야 한다.	이/NP#97692; 를/JKO#97693; 바로/MAG#97694; 잡/VV#97695; 자면/EC#97696; 모두/NNG#97697; 관심/NNG#97698; 을/JKO#97699; 갖/VV#97700; 고/EC#97701; 행동/NNG#97702; 을/JKO#97703; 하/VV#97704; 아야/EC#97705; 하/VX#97706; ㄴ다/EF#97707; ./SF#97708
23682	3240	Seed	관심/NNG#97698; 을/JKO#97699; 갖/VV#97700	dir-explicit	Judgment	POS	POS	Medium	모두/NNG#97697			TRUE	이를 바로 잡자면 모두 관심을 갖고 행동을 해야 한다.	이/NP#97692; 를/JKO#97693; 바로/MAG#97694; 잡/VV#97695; 자면/EC#97696; 모두/NNG#97697; 관심/NNG#97698; 을/JKO#97699; 갖/VV#97700; 고/EC#97701; 행동/NNG#97702; 을/JKO#97703; 하/VV#97704; 아야/EC#97705; 하/VX#97706; ㄴ다/EF#97707; ./SF#97708
23683	3240	Seed	아야/EC#97705; 하/VX#97706	writing-device	Others	POS	None	None		모두/NNG#97697; 관심/NNG#97698; 을/JKO#97699; 갖/VV#97700; 고/EC#97701; 행동/NNG#97702; 을/JKO#97703; 하/VV#97704		TRUE	이를 바로 잡자면 모두 관심을 갖고 행동을 해야 한다.	이/NP#97692; 를/JKO#97693; 바로/MAG#97694; 잡/VV#97695; 자면/EC#97696; 모두/NNG#97697; 관심/NNG#97698; 을/JKO#97699; 갖/VV#97700; 고/EC#97701; 행동/NNG#97702; 을/JKO#97703; 하/VV#97704; 아야/EC#97705; 하/VX#97706; ㄴ다/EF#97707; ./SF#97708
23498	3241	SubjTag					NEG	Low				TRUE	한탄만 하고 있을 때가 아니다.	한탄/NNG#97709; 만/JX#97710; 하/VV#97711; 고/EC#97712; 있/VX#97713; 을/ETM#97714; 때/NNG#97715; 가/JKC#97716; 아니/VCN#97717; 다/EF#97718; ./SF#97719
23684	3241	Seed	한탄/NNG#97709; 하/VV#97711	indirect	Emotion	NEG	NEG	Medium				TRUE	한탄만 하고 있을 때가 아니다.	한탄/NNG#97709; 만/JX#97710; 하/VV#97711; 고/EC#97712; 있/VX#97713; 을/ETM#97714; 때/NNG#97715; 가/JKC#97716; 아니/VCN#97717; 다/EF#97718; ./SF#97719
23685	3241	Seed	만/JX#97710	writing-device	Others	POS	None	None		한탄/NNG#97709		TRUE	한탄만 하고 있을 때가 아니다.	한탄/NNG#97709; 만/JX#97710; 하/VV#97711; 고/EC#97712; 있/VX#97713; 을/ETM#97714; 때/NNG#97715; 가/JKC#97716; 아니/VCN#97717; 다/EF#97718; ./SF#97719
23686	3241	Seed	을/ETM#97714; 때/NNG#97715; 가/JKC#97716; 아니/VCN#97717	dir-explicit	Judgment	NEG	NEG	Medium		한탄/NNG#97709; 만/JX#97710; 하/VV#97711; 고/EC#97712; 있/VX#97713		TRUE	한탄만 하고 있을 때가 아니다.	한탄/NNG#97709; 만/JX#97710; 하/VV#97711; 고/EC#97712; 있/VX#97713; 을/ETM#97714; 때/NNG#97715; 가/JKC#97716; 아니/VCN#97717; 다/EF#97718; ./SF#97719
